----- NOT USED -----,----- NOT USED -----,----- NOT USED -----,----- NOT USED -----,----- NOT USED -----,----- NOT USED -----,CLB CLK.II.I MuxBit: 6,CLB CLK.II.I MuxBit: 7,IOB P43.O MuxBit: 5,IOB P43.O MuxBit: 3,IOB P43.O MuxBit: 1,IOB P43.O MuxBit: 0,PIP  156G9,CLB HH.D MuxBit: 0,CLB HH.D MuxBit: 1,CLB HH.D MuxBit: 2,IOB P43.I PAD/Latched,----- NOT USED -----,IOB P43,IOB P43.T MuxBit: 1,IOB P43.T MuxBit: 2,IOB P42.T MuxBit: 2,IOB P42.I PAD/Latched,IOB P42,IOB P42.T MuxBit: 1,IOB P42.O MuxBit: 0,IOB P42.O MuxBit: 3,IOB P41.O MuxBit: 3,IOB P41.O MuxBit: 1,IOB P41.O MuxBit: 0,PIP  136G9,CLB HG.D MuxBit: 0,CLB HG.D MuxBit: 1,CLB HG.D MuxBit: 2,IOB P41.I PAD/Latched,----- NOT USED -----,IOB P41,IOB P41.T MuxBit: 1,IOB P41.T MuxBit: 2,IOB P40.T MuxBit: 2,IOB P40.I PAD/Latched,IOB P40,IOB P40.T MuxBit: 1,IOB P40.O MuxBit: 0,IOB P40.O MuxBit: 3,Bidi 125G6,Bidi 125G7,IOB P39.O MuxBit: 3,IOB P39.O MuxBit: 1,IOB P39.O MuxBit: 0,PIP  116G9,CLB HF.D MuxBit: 0,CLB HF.D MuxBit: 1,CLB HF.D MuxBit: 2,IOB P39.I PAD/Latched,----- NOT USED -----,IOB P39,IOB P39.T MuxBit: 1,IOB P39.T MuxBit: 2,IOB P38.T MuxBit: 2,IOB P38.I PAD/Latched,IOB P38,IOB P38.T MuxBit: 1,IOB P38.O MuxBit: 0,IOB P38.O MuxBit: 3,IOB P37.O MuxBit: 3,IOB P37.O MuxBit: 1,IOB P37.O MuxBit: 0,PIP  96G9,CLB HE.D MuxBit: 0,CLB HE.D MuxBit: 1,CLB HE.D MuxBit: 2,IOB P37.I PAD/Latched,----- NOT USED -----,IOB P37,IOB P37.T MuxBit: 1,IOB P37.T MuxBit: 2,IOB P36.T MuxBit: 2,IOB P36.I PAD/Latched,IOB P36,IOB P36.T MuxBit: 1,IOB P36.O MuxBit: 0,IOB P36.O MuxBit: 3,IOB P34.O MuxBit: 3,IOB P34.O MuxBit: 1,IOB P34.O MuxBit: 0,PIP  76G9,CLB HD.D MuxBit: 0,CLB HD.D MuxBit: 1,CLB HD.D MuxBit: 2,IOB P34.I PAD/Latched,----- NOT USED -----,IOB P34,IOB P34.T MuxBit: 1,IOB P34.T MuxBit: 2,IOB P33.T MuxBit: 2,IOB P33.I PAD/Latched,IOB P33,IOB P33.T MuxBit: 1,IOB P33.O MuxBit: 0,IOB P33.O MuxBit: 3,Bidi 65G6,Bidi 65G7,IOB P32.O MuxBit: 3,IOB P32.O MuxBit: 1,IOB P32.O MuxBit: 0,PIP  56G9,CLB HC.D MuxBit: 0,CLB HC.D MuxBit: 1,CLB HC.D MuxBit: 2,IOB P32.I PAD/Latched,----- NOT USED -----,IOB P32,IOB P32.T MuxBit: 1,IOB P32.T MuxBit: 2,IOB P31.T MuxBit: 2,IOB P31.I PAD/Latched,IOB P31,IOB P31.T MuxBit: 1,IOB P31.O MuxBit: 0,IOB P31.O MuxBit: 3,IOB P30.O MuxBit: 3,IOB P30.O MuxBit: 1,IOB P30.O MuxBit: 0,PIP  36G9,CLB HB.D MuxBit: 0,CLB HB.D MuxBit: 1,CLB HB.D MuxBit: 2,IOB P30.I PAD/Latched,----- NOT USED -----,IOB P30,IOB P30.T MuxBit: 1,IOB P30.T MuxBit: 2,IOB P29.T MuxBit: 2,IOB P29.I PAD/Latched,IOB P29,IOB P29.T MuxBit: 1,IOB P29.O MuxBit: 0,IOB P29.O MuxBit: 3,IOB P28.O MuxBit: 3,IOB P28.O MuxBit: 1,IOB P28.O MuxBit: 0,PIP  12G9,CLB HA.D MuxBit: 0,CLB HA.D MuxBit: 1,CLB HA.D MuxBit: 2,IOB P28.I PAD/Latched,----- NOT USED -----,IOB P28,IOB P28.T MuxBit: 1,IOB P28.T MuxBit: 2,IOB P27.T MuxBit: 2,IOB P27.I PAD/Latched,IOB P27,IOB P27.T MuxBit: 1,IOB P27.O MuxBit: 0,IOB P27.O MuxBit: 3,Other Single/Unlimited FPGA readback if readback enabled,Other FPGA readback Enabled/Disable,----- NOT USED -----
----- NOT USED -----,----- NOT USED -----,----- NOT USED -----,----- NOT USED -----,----- NOT USED -----,----- NOT USED -----,----- NOT USED -----,----- NOT USED -----,IOB P43.O MuxBit: 4,PIP  151G12,IOB P43.O MuxBit: 2,PIP  163G4,PIP  163G10,----- NOT USED -----,CLB HH.D MuxBit: 4,CLB HH.D MuxBit: 3,PIP  163G7,PIP  155G4,PIP  156G3,PIP  151G16,PIP  156G16,----- NOT USED -----,----- NOT USED -----,----- NOT USED -----,IOB P42.O MuxBit: 1,IOB P42.O MuxBit: 2,IOB P41.O MuxBit: 4,PIP  131G12,IOB P41.O MuxBit: 2,PIP  143G4,PIP  143G10,----- NOT USED -----,CLB HG.D MuxBit: 4,CLB HG.D MuxBit: 3,PIP  143G7,PIP  135G4,PIP  136G3,PIP  131G16,PIP  136G16,----- NOT USED -----,----- NOT USED -----,----- NOT USED -----,IOB P40.O MuxBit: 1,IOB P40.O MuxBit: 2,IOB P39.O MuxBit: 4,----- NOT USED -----,Bidi 125G9,PIP  111G12,IOB P39.O MuxBit: 2,PIP  123G4,PIP  123G10,----- NOT USED -----,CLB HF.D MuxBit: 4,CLB HF.D MuxBit: 3,PIP  123G7,PIP  115G4,PIP  116G3,PIP  111G16,PIP  116G16,----- NOT USED -----,----- NOT USED -----,----- NOT USED -----,IOB P38.O MuxBit: 1,IOB P38.O MuxBit: 2,IOB P37.O MuxBit: 4,PIP  91G12,IOB P37.O MuxBit: 2,PIP  103G4,PIP  103G10,----- NOT USED -----,CLB HE.D MuxBit: 4,CLB HE.D MuxBit: 3,PIP  103G7,PIP  95G4,PIP  96G3,PIP  91G16,PIP  96G16,----- NOT USED -----,----- NOT USED -----,----- NOT USED -----,IOB P36.O MuxBit: 1,IOB P36.O MuxBit: 2,IOB P34.O MuxBit: 4,PIP  71G12,IOB P34.O MuxBit: 2,PIP  83G4,PIP  83G10,----- NOT USED -----,CLB HD.D MuxBit: 4,CLB HD.D MuxBit: 3,PIP  83G7,PIP  75G4,PIP  76G3,PIP  71G16,PIP  76G16,----- NOT USED -----,----- NOT USED -----,----- NOT USED -----,IOB P33.O MuxBit: 1,IOB P33.O MuxBit: 2,IOB P32.O MuxBit: 4,----- NOT USED -----,Bidi 65G9,PIP  51G12,IOB P32.O MuxBit: 2,PIP  63G4,PIP  63G10,----- NOT USED -----,CLB HC.D MuxBit: 4,CLB HC.D MuxBit: 3,PIP  63G7,PIP  55G4,PIP  56G3,PIP  51G16,PIP  56G16,----- NOT USED -----,----- NOT USED -----,----- NOT USED -----,IOB P31.O MuxBit: 1,IOB P31.O MuxBit: 2,IOB P30.O MuxBit: 4,PIP  31G12,IOB P30.O MuxBit: 2,PIP  43G4,PIP  43G10,----- NOT USED -----,CLB HB.D MuxBit: 4,CLB HB.D MuxBit: 3,PIP  43G7,PIP  35G4,PIP  36G3,PIP  31G16,PIP  36G16,----- NOT USED -----,----- NOT USED -----,----- NOT USED -----,IOB P29.O MuxBit: 1,IOB P29.O MuxBit: 2,IOB P28.O MuxBit: 4,PIP  9G12,IOB P28.O MuxBit: 2,PIP  23G4,PIP  23G10,----- NOT USED -----,CLB HA.D MuxBit: 4,CLB HA.D MuxBit: 3,PIP  23G7,PIP  11G4,PIP  12G3,PIP  9G16,PIP  12G16,----- NOT USED -----,----- NOT USED -----,----- NOT USED -----,IOB P27.O MuxBit: 1,IOB P27.O MuxBit: 2,IOB P27.O MuxBit: 4,IOB P27.K MuxBit: 1,IOB P27.K MuxBit: 0,----- NOT USED -----
Other UNknown 1,Other UNknown 2,CLB CLK.II.I MuxBit: 5,CLB CLK.II.I MuxBit: 2,CLB CLK.II.I MuxBit: 1,CLB CLK.II.I MuxBit: 3,CLB CLK.II.I MuxBit: 4,CLB CLK.II.I MuxBit: 0,PIP  176G6,Magic @ 150G11 2 3,Magic @ 150G11 8 4,Magic @ 150G11 7 4,Magic @ 150G11 1 8,Magic @ 150G11 1 7,PIP  155G10,PIP  155G12,PIP  155G7,PIP  155G13,PIP  153G9,PIP  153G16,PIP  159G6,Magic @ 147G8 2 4,Magic @ 147G8 4 8,Magic @ 147G8 7 4,PIP  147G12,Magic @ 147G8 1 8,Magic @ 147G8 3 7,Magic @ 130G11 2 3,Magic @ 130G11 8 4,Magic @ 130G11 7 4,Magic @ 130G11 1 8,Magic @ 130G11 1 7,PIP  135G10,PIP  135G12,PIP  135G7,PIP  135G13,PIP  133G9,PIP  133G16,PIP  139G6,Magic @ 127G8 2 4,Magic @ 127G8 4 8,Magic @ 127G8 7 4,PIP  127G12,Magic @ 127G8 1 8,Magic @ 127G8 3 7,----- NOT USED -----,----- NOT USED -----,Magic @ 110G11 2 3,Magic @ 110G11 8 4,Magic @ 110G11 7 4,Magic @ 110G11 1 8,Magic @ 110G11 1 7,PIP  115G10,PIP  115G12,PIP  115G7,PIP  115G13,PIP  113G9,PIP  113G16,PIP  119G6,Magic @ 107G8 2 4,Magic @ 107G8 4 8,Magic @ 107G8 7 4,PIP  107G12,Magic @ 107G8 1 8,Magic @ 107G8 3 7,Magic @ 90G11 2 3,Magic @ 90G11 8 4,Magic @ 90G11 7 4,Magic @ 90G11 1 8,Magic @ 90G11 1 7,PIP  95G10,PIP  95G12,PIP  95G7,PIP  95G13,PIP  93G9,PIP  93G16,PIP  99G6,Magic @ 87G8 2 4,Magic @ 87G8 4 8,Magic @ 87G8 7 4,PIP  87G12,Magic @ 87G8 1 8,Magic @ 87G8 3 7,Magic @ 70G11 2 3,Magic @ 70G11 8 4,Magic @ 70G11 7 4,Magic @ 70G11 1 8,Magic @ 70G11 1 7,PIP  75G10,PIP  75G12,PIP  75G7,PIP  75G13,PIP  73G9,PIP  73G16,PIP  79G6,Magic @ 67G8 2 4,Magic @ 67G8 4 8,Magic @ 67G8 7 4,PIP  67G12,Magic @ 67G8 1 8,Magic @ 67G8 3 7,----- NOT USED -----,----- NOT USED -----,Magic @ 50G11 2 3,Magic @ 50G11 8 4,Magic @ 50G11 7 4,Magic @ 50G11 1 8,Magic @ 50G11 1 7,PIP  55G10,PIP  55G12,PIP  55G7,PIP  55G13,PIP  53G9,PIP  53G16,PIP  59G6,Magic @ 47G8 2 4,Magic @ 47G8 4 8,Magic @ 47G8 7 4,PIP  47G12,Magic @ 47G8 1 8,Magic @ 47G8 3 7,Magic @ 30G11 2 3,Magic @ 30G11 8 4,Magic @ 30G11 7 4,Magic @ 30G11 1 8,Magic @ 30G11 1 7,PIP  35G10,PIP  35G12,PIP  35G7,PIP  35G13,PIP  33G9,PIP  33G16,PIP  39G6,Magic @ 27G8 2 4,Magic @ 27G8 4 8,Magic @ 27G8 7 4,PIP  27G12,Magic @ 27G8 1 8,Magic @ 27G8 3 7,----- NOT USED -----,----- NOT USED -----,----- NOT USED -----,----- NOT USED -----,----- NOT USED -----,----- NOT USED -----,----- NOT USED -----,----- NOT USED -----,----- NOT USED -----,----- NOT USED -----,----- NOT USED -----,----- NOT USED -----,----- NOT USED -----,----- NOT USED -----,----- NOT USED -----,----- NOT USED -----,----- NOT USED -----,----- NOT USED -----,----- NOT USED -----,----- NOT USED -----,----- NOT USED -----
Other DONE pin Pullup/No Pullup,PIP  170G12,PIP  173G9,PIP  172G10,PIP  169G12,PIP  175G7,PIP  178G4,PIP  178G6,PIP  176G4,Magic @ 150G11 2 4,Magic @ 150G11 2 8,Magic @ 150G11 1 3,Magic @ 150G11 8 3,Magic @ 150G11 7 3,PIP  156G6,PIP  156G12,PIP  150G13,PIP  159G9,PIP  159G12,PIP  153G7,PIP  148G16,Magic @ 147G8 2 3,Magic @ 147G8 2 8,PIP  147G13,Magic @ 147G8 3 1,Magic @ 147G8 8 3,Magic @ 147G8 1 7,Magic @ 130G11 2 4,Magic @ 130G11 2 8,Magic @ 130G11 1 3,Magic @ 130G11 8 3,Magic @ 130G11 7 3,PIP  136G6,PIP  136G12,PIP  130G13,PIP  139G9,PIP  139G12,PIP  133G7,PIP  128G16,Magic @ 127G8 2 3,Magic @ 127G8 2 8,PIP  127G13,Magic @ 127G8 3 1,Magic @ 127G8 8 3,Magic @ 127G8 1 7,----- NOT USED -----,----- NOT USED -----,Magic @ 110G11 2 4,Magic @ 110G11 2 8,Magic @ 110G11 1 3,Magic @ 110G11 8 3,Magic @ 110G11 7 3,PIP  116G6,PIP  116G12,PIP  110G13,PIP  119G9,PIP  119G12,PIP  113G7,PIP  108G16,Magic @ 107G8 2 3,Magic @ 107G8 2 8,PIP  107G13,Magic @ 107G8 3 1,Magic @ 107G8 8 3,Magic @ 107G8 1 7,Magic @ 90G11 2 4,Magic @ 90G11 2 8,Magic @ 90G11 1 3,Magic @ 90G11 8 3,Magic @ 90G11 7 3,PIP  96G6,PIP  96G12,PIP  90G13,PIP  99G9,PIP  99G12,PIP  93G7,PIP  88G16,Magic @ 87G8 2 3,Magic @ 87G8 2 8,PIP  87G13,Magic @ 87G8 3 1,Magic @ 87G8 8 3,Magic @ 87G8 1 7,Magic @ 70G11 2 4,Magic @ 70G11 2 8,Magic @ 70G11 1 3,Magic @ 70G11 8 3,Magic @ 70G11 7 3,PIP  76G6,PIP  76G12,PIP  70G13,PIP  79G9,PIP  79G12,PIP  73G7,PIP  68G16,Magic @ 67G8 2 3,Magic @ 67G8 2 8,PIP  67G13,Magic @ 67G8 3 1,Magic @ 67G8 8 3,Magic @ 67G8 1 7,----- NOT USED -----,----- NOT USED -----,Magic @ 50G11 2 4,Magic @ 50G11 2 8,Magic @ 50G11 1 3,Magic @ 50G11 8 3,Magic @ 50G11 7 3,PIP  56G6,PIP  56G12,PIP  50G13,PIP  59G9,PIP  59G12,PIP  53G7,PIP  48G16,Magic @ 47G8 2 3,Magic @ 47G8 2 8,PIP  47G13,Magic @ 47G8 3 1,Magic @ 47G8 8 3,Magic @ 47G8 1 7,Magic @ 30G11 2 4,Magic @ 30G11 2 8,Magic @ 30G11 1 3,Magic @ 30G11 8 3,Magic @ 30G11 7 3,PIP  36G6,PIP  36G12,PIP  30G13,PIP  39G9,PIP  39G12,PIP  33G7,PIP  28G16,Magic @ 27G8 2 3,Magic @ 27G8 2 8,PIP  27G13,Magic @ 27G8 3 1,Magic @ 27G8 8 3,Magic @ 27G8 1 7,PIP  9G10,PIP  18G9,PIP  18G6,PIP  18G12,PIP  12G12,----- NOT USED -----,PIP  8G9,PIP  11G12,PIP  6G7,PIP  6G16,PIP  3G16,PIP  3G6,PIP  5G6,PIP  5G4,PIP  3G4,IOB P27.K MuxBit: 3,IOB P27.K MuxBit: 2,IOB P24.K MuxBit: 3,IOB P24.K MuxBit: 2,IOB P24.K MuxBit: 1,IOB P24.K MuxBit: 0
----- NOT USED -----,----- NOT USED -----,----- NOT USED -----,IOB P46.T MuxBit: 1,----- NOT USED -----,----- NOT USED -----,----- NOT USED -----,----- NOT USED -----,----- NOT USED -----,CLB HH Logic Table: 2 Bit: 1,CLB HH Logic Table: 2 Bit: 0,CLB HH Logic Table: 2 Bit: 2,CLB HH Logic Table: 2 Bit: 3,CLB HH Logic Table: 2 Bit: 5,CLB HH Logic Table: 2 Bit: 4,CLB HH Logic Table: 2 Bit: 6,CLB HH Logic Table: 2 Bit: 7,CLB HH BASE FG,----- NOT USED -----,CLB HH Logic Table: 1 Bit: 7,CLB HH Logic Table: 1 Bit: 6,CLB HH Logic Table: 1 Bit: 4,CLB HH Logic Table: 1 Bit: 5,CLB HH Logic Table: 1 Bit: 3,CLB HH Logic Table: 1 Bit: 2,CLB HH Logic Table: 1 Bit: 0,CLB HH Logic Table: 1 Bit: 1,CLB HG Logic Table: 2 Bit: 1,CLB HG Logic Table: 2 Bit: 0,CLB HG Logic Table: 2 Bit: 2,CLB HG Logic Table: 2 Bit: 3,CLB HG Logic Table: 2 Bit: 5,CLB HG Logic Table: 2 Bit: 4,CLB HG Logic Table: 2 Bit: 6,CLB HG Logic Table: 2 Bit: 7,CLB HG BASE FG,----- NOT USED -----,CLB HG Logic Table: 1 Bit: 7,CLB HG Logic Table: 1 Bit: 6,CLB HG Logic Table: 1 Bit: 4,CLB HG Logic Table: 1 Bit: 5,CLB HG Logic Table: 1 Bit: 3,CLB HG Logic Table: 1 Bit: 2,CLB HG Logic Table: 1 Bit: 0,CLB HG Logic Table: 1 Bit: 1,Bidi 125G28,Bidi 125G10,CLB HF Logic Table: 2 Bit: 1,CLB HF Logic Table: 2 Bit: 0,CLB HF Logic Table: 2 Bit: 2,CLB HF Logic Table: 2 Bit: 3,CLB HF Logic Table: 2 Bit: 5,CLB HF Logic Table: 2 Bit: 4,CLB HF Logic Table: 2 Bit: 6,CLB HF Logic Table: 2 Bit: 7,CLB HF BASE FG,----- NOT USED -----,CLB HF Logic Table: 1 Bit: 7,CLB HF Logic Table: 1 Bit: 6,CLB HF Logic Table: 1 Bit: 4,CLB HF Logic Table: 1 Bit: 5,CLB HF Logic Table: 1 Bit: 3,CLB HF Logic Table: 1 Bit: 2,CLB HF Logic Table: 1 Bit: 0,CLB HF Logic Table: 1 Bit: 1,CLB HE Logic Table: 2 Bit: 1,CLB HE Logic Table: 2 Bit: 0,CLB HE Logic Table: 2 Bit: 2,CLB HE Logic Table: 2 Bit: 3,CLB HE Logic Table: 2 Bit: 5,CLB HE Logic Table: 2 Bit: 4,CLB HE Logic Table: 2 Bit: 6,CLB HE Logic Table: 2 Bit: 7,CLB HE BASE FG,----- NOT USED -----,CLB HE Logic Table: 1 Bit: 7,CLB HE Logic Table: 1 Bit: 6,CLB HE Logic Table: 1 Bit: 4,CLB HE Logic Table: 1 Bit: 5,CLB HE Logic Table: 1 Bit: 3,CLB HE Logic Table: 1 Bit: 2,CLB HE Logic Table: 1 Bit: 0,CLB HE Logic Table: 1 Bit: 1,CLB HD Logic Table: 2 Bit: 1,CLB HD Logic Table: 2 Bit: 0,CLB HD Logic Table: 2 Bit: 2,CLB HD Logic Table: 2 Bit: 3,CLB HD Logic Table: 2 Bit: 5,CLB HD Logic Table: 2 Bit: 4,CLB HD Logic Table: 2 Bit: 6,CLB HD Logic Table: 2 Bit: 7,CLB HD BASE FG,----- NOT USED -----,CLB HD Logic Table: 1 Bit: 7,CLB HD Logic Table: 1 Bit: 6,CLB HD Logic Table: 1 Bit: 4,CLB HD Logic Table: 1 Bit: 5,CLB HD Logic Table: 1 Bit: 3,CLB HD Logic Table: 1 Bit: 2,CLB HD Logic Table: 1 Bit: 0,CLB HD Logic Table: 1 Bit: 1,Bidi 65G28,Bidi 65G10,CLB HC Logic Table: 2 Bit: 1,CLB HC Logic Table: 2 Bit: 0,CLB HC Logic Table: 2 Bit: 2,CLB HC Logic Table: 2 Bit: 3,CLB HC Logic Table: 2 Bit: 5,CLB HC Logic Table: 2 Bit: 4,CLB HC Logic Table: 2 Bit: 6,CLB HC Logic Table: 2 Bit: 7,CLB HC BASE FG,----- NOT USED -----,CLB HC Logic Table: 1 Bit: 7,CLB HC Logic Table: 1 Bit: 6,CLB HC Logic Table: 1 Bit: 4,CLB HC Logic Table: 1 Bit: 5,CLB HC Logic Table: 1 Bit: 3,CLB HC Logic Table: 1 Bit: 2,CLB HC Logic Table: 1 Bit: 0,CLB HC Logic Table: 1 Bit: 1,CLB HB Logic Table: 2 Bit: 1,CLB HB Logic Table: 2 Bit: 0,CLB HB Logic Table: 2 Bit: 2,CLB HB Logic Table: 2 Bit: 3,CLB HB Logic Table: 2 Bit: 5,CLB HB Logic Table: 2 Bit: 4,CLB HB Logic Table: 2 Bit: 6,CLB HB Logic Table: 2 Bit: 7,CLB HB BASE FG,----- NOT USED -----,CLB HB Logic Table: 1 Bit: 7,CLB HB Logic Table: 1 Bit: 6,CLB HB Logic Table: 1 Bit: 4,CLB HB Logic Table: 1 Bit: 5,CLB HB Logic Table: 1 Bit: 3,CLB HB Logic Table: 1 Bit: 2,CLB HB Logic Table: 1 Bit: 0,CLB HB Logic Table: 1 Bit: 1,CLB HA Logic Table: 2 Bit: 1,CLB HA Logic Table: 2 Bit: 0,CLB HA Logic Table: 2 Bit: 2,CLB HA Logic Table: 2 Bit: 3,CLB HA Logic Table: 2 Bit: 5,CLB HA Logic Table: 2 Bit: 4,CLB HA Logic Table: 2 Bit: 6,CLB HA Logic Table: 2 Bit: 7,CLB HA BASE FG,----- NOT USED -----,CLB HA Logic Table: 1 Bit: 7,CLB HA Logic Table: 1 Bit: 6,CLB HA Logic Table: 1 Bit: 4,CLB HA Logic Table: 1 Bit: 5,CLB HA Logic Table: 1 Bit: 3,CLB HA Logic Table: 1 Bit: 2,CLB HA Logic Table: 1 Bit: 0,CLB HA Logic Table: 1 Bit: 1,----- NOT USED -----,----- NOT USED -----,----- NOT USED -----
IOB P46.I PAD/Latched,IOB P46,IOB P46.T MuxBit: 2,PIP  172G14,PIP  169G14,PIP  175G14,----- NOT USED -----,----- NOT USED -----,----- NOT USED -----,CLB HH Logic Table: 2 Mux C/D/Q Bit: 1,CLB HH Logic Table: 2 Mux C/D/Q Bit: 0,----- NOT USED -----,----- NOT USED -----,----- NOT USED -----,CLB HH Logic Table: 2 Mux B/C,CLB HH Logic Table: 2 Mux A/B,----- NOT USED -----,----- NOT USED -----,----- NOT USED -----,CLB HH Logic Table: 1 Mux A/B,CLB HH Logic Table: 1 Mux B/C,----- NOT USED -----,----- NOT USED -----,----- NOT USED -----,----- NOT USED -----,CLB HH Logic Table: 1 Mux C/D/Q Bit: 0,CLB HH Logic Table: 1 Mux C/D/Q Bit: 1,CLB HG Logic Table: 2 Mux C/D/Q Bit: 1,CLB HG Logic Table: 2 Mux C/D/Q Bit: 0,----- NOT USED -----,----- NOT USED -----,----- NOT USED -----,CLB HG Logic Table: 2 Mux B/C,CLB HG Logic Table: 2 Mux A/B,----- NOT USED -----,----- NOT USED -----,----- NOT USED -----,CLB HG Logic Table: 1 Mux A/B,CLB HG Logic Table: 1 Mux B/C,----- NOT USED -----,----- NOT USED -----,----- NOT USED -----,----- NOT USED -----,CLB HG Logic Table: 1 Mux C/D/Q Bit: 0,CLB HG Logic Table: 1 Mux C/D/Q Bit: 1,----- NOT USED -----,----- NOT USED -----,CLB HF Logic Table: 2 Mux C/D/Q Bit: 1,CLB HF Logic Table: 2 Mux C/D/Q Bit: 0,----- NOT USED -----,----- NOT USED -----,----- NOT USED -----,CLB HF Logic Table: 2 Mux B/C,CLB HF Logic Table: 2 Mux A/B,----- NOT USED -----,----- NOT USED -----,----- NOT USED -----,CLB HF Logic Table: 1 Mux A/B,CLB HF Logic Table: 1 Mux B/C,----- NOT USED -----,----- NOT USED -----,----- NOT USED -----,----- NOT USED -----,CLB HF Logic Table: 1 Mux C/D/Q Bit: 0,CLB HF Logic Table: 1 Mux C/D/Q Bit: 1,CLB HE Logic Table: 2 Mux C/D/Q Bit: 1,CLB HE Logic Table: 2 Mux C/D/Q Bit: 0,----- NOT USED -----,----- NOT USED -----,----- NOT USED -----,CLB HE Logic Table: 2 Mux B/C,CLB HE Logic Table: 2 Mux A/B,----- NOT USED -----,----- NOT USED -----,----- NOT USED -----,CLB HE Logic Table: 1 Mux A/B,CLB HE Logic Table: 1 Mux B/C,----- NOT USED -----,----- NOT USED -----,----- NOT USED -----,----- NOT USED -----,CLB HE Logic Table: 1 Mux C/D/Q Bit: 0,CLB HE Logic Table: 1 Mux C/D/Q Bit: 1,CLB HD Logic Table: 2 Mux C/D/Q Bit: 1,CLB HD Logic Table: 2 Mux C/D/Q Bit: 0,----- NOT USED -----,----- NOT USED -----,----- NOT USED -----,CLB HD Logic Table: 2 Mux B/C,CLB HD Logic Table: 2 Mux A/B,----- NOT USED -----,----- NOT USED -----,----- NOT USED -----,CLB HD Logic Table: 1 Mux A/B,CLB HD Logic Table: 1 Mux B/C,----- NOT USED -----,----- NOT USED -----,----- NOT USED -----,----- NOT USED -----,CLB HD Logic Table: 1 Mux C/D/Q Bit: 0,CLB HD Logic Table: 1 Mux C/D/Q Bit: 1,----- NOT USED -----,----- NOT USED -----,CLB HC Logic Table: 2 Mux C/D/Q Bit: 1,CLB HC Logic Table: 2 Mux C/D/Q Bit: 0,----- NOT USED -----,----- NOT USED -----,----- NOT USED -----,CLB HC Logic Table: 2 Mux B/C,CLB HC Logic Table: 2 Mux A/B,----- NOT USED -----,----- NOT USED -----,----- NOT USED -----,CLB HC Logic Table: 1 Mux A/B,CLB HC Logic Table: 1 Mux B/C,----- NOT USED -----,----- NOT USED -----,----- NOT USED -----,----- NOT USED -----,CLB HC Logic Table: 1 Mux C/D/Q Bit: 0,CLB HC Logic Table: 1 Mux C/D/Q Bit: 1,CLB HB Logic Table: 2 Mux C/D/Q Bit: 1,CLB HB Logic Table: 2 Mux C/D/Q Bit: 0,----- NOT USED -----,----- NOT USED -----,----- NOT USED -----,CLB HB Logic Table: 2 Mux B/C,CLB HB Logic Table: 2 Mux A/B,----- NOT USED -----,----- NOT USED -----,----- NOT USED -----,CLB HB Logic Table: 1 Mux A/B,CLB HB Logic Table: 1 Mux B/C,----- NOT USED -----,----- NOT USED -----,----- NOT USED -----,----- NOT USED -----,CLB HB Logic Table: 1 Mux C/D/Q Bit: 0,CLB HB Logic Table: 1 Mux C/D/Q Bit: 1,CLB HA Logic Table: 2 Mux C/D/Q Bit: 1,CLB HA Logic Table: 2 Mux C/D/Q Bit: 0,----- NOT USED -----,----- NOT USED -----,----- NOT USED -----,CLB HA Logic Table: 2 Mux B/C,CLB HA Logic Table: 2 Mux A/B,----- NOT USED -----,----- NOT USED -----,----- NOT USED -----,CLB HA Logic Table: 1 Mux A/B,CLB HA Logic Table: 1 Mux B/C,----- NOT USED -----,----- NOT USED -----,----- NOT USED -----,----- NOT USED -----,CLB HA Logic Table: 1 Mux C/D/Q Bit: 0,CLB HA Logic Table: 1 Mux C/D/Q Bit: 1,----- NOT USED -----,----- NOT USED -----,----- NOT USED -----
IOB P46.O MuxBit: 1,IOB P46.O MuxBit: 2,IOB P46.O MuxBit: 4,IOB P46.O MuxBit: 3,----- NOT USED -----,----- NOT USED -----,PIP  168G25,PIP  178G14,----- NOT USED -----,----- NOT USED -----,----- NOT USED -----,----- NOT USED -----,----- NOT USED -----,CLB HH.Y F/M or Q,CLB HH.Y G,CLB HH.X G,CLB HH.X F/M or Q,CLB HH Select Latch/FF,----- NOT USED -----,----- NOT USED -----,----- NOT USED -----,----- NOT USED -----,----- NOT USED -----,CLB HH Set A/F,CLB HH Set-Enable,CLB HH Reset-Enable,CLB HH Reset D/G,----- NOT USED -----,----- NOT USED -----,----- NOT USED -----,----- NOT USED -----,CLB HG.Y F/M or Q,CLB HG.Y G,CLB HG.X G,CLB HG.X F/M or Q,CLB HG Select Latch/FF,----- NOT USED -----,----- NOT USED -----,----- NOT USED -----,----- NOT USED -----,----- NOT USED -----,CLB HG Set A/F,CLB HG Set-Enable,CLB HG Reset-Enable,CLB HG Reset D/G,----- NOT USED -----,----- NOT USED -----,----- NOT USED -----,----- NOT USED -----,----- NOT USED -----,----- NOT USED -----,CLB HF.Y F/M or Q,CLB HF.Y G,CLB HF.X G,CLB HF.X F/M or Q,CLB HF Select Latch/FF,----- NOT USED -----,----- NOT USED -----,----- NOT USED -----,----- NOT USED -----,----- NOT USED -----,CLB HF Set A/F,CLB HF Set-Enable,CLB HF Reset-Enable,CLB HF Reset D/G,----- NOT USED -----,----- NOT USED -----,----- NOT USED -----,----- NOT USED -----,CLB HE.Y F/M or Q,CLB HE.Y G,CLB HE.X G,CLB HE.X F/M or Q,CLB HE Select Latch/FF,----- NOT USED -----,----- NOT USED -----,----- NOT USED -----,----- NOT USED -----,----- NOT USED -----,CLB HE Set A/F,CLB HE Set-Enable,CLB HE Reset-Enable,CLB HE Reset D/G,----- NOT USED -----,----- NOT USED -----,----- NOT USED -----,----- NOT USED -----,CLB HD.Y F/M or Q,CLB HD.Y G,CLB HD.X G,CLB HD.X F/M or Q,CLB HD Select Latch/FF,----- NOT USED -----,----- NOT USED -----,----- NOT USED -----,----- NOT USED -----,----- NOT USED -----,CLB HD Set A/F,CLB HD Set-Enable,CLB HD Reset-Enable,CLB HD Reset D/G,----- NOT USED -----,----- NOT USED -----,----- NOT USED -----,----- NOT USED -----,----- NOT USED -----,----- NOT USED -----,CLB HC.Y F/M or Q,CLB HC.Y G,CLB HC.X G,CLB HC.X F/M or Q,CLB HC Select Latch/FF,----- NOT USED -----,----- NOT USED -----,----- NOT USED -----,----- NOT USED -----,----- NOT USED -----,CLB HC Set A/F,CLB HC Set-Enable,CLB HC Reset-Enable,CLB HC Reset D/G,----- NOT USED -----,----- NOT USED -----,----- NOT USED -----,----- NOT USED -----,CLB HB.Y F/M or Q,CLB HB.Y G,CLB HB.X G,CLB HB.X F/M or Q,CLB HB Select Latch/FF,----- NOT USED -----,----- NOT USED -----,----- NOT USED -----,----- NOT USED -----,----- NOT USED -----,CLB HB Set A/F,CLB HB Set-Enable,CLB HB Reset-Enable,CLB HB Reset D/G,----- NOT USED -----,----- NOT USED -----,----- NOT USED -----,----- NOT USED -----,CLB HA.Y F/M or Q,CLB HA.Y G,CLB HA.X G,CLB HA.X F/M or Q,CLB HA Select Latch/FF,----- NOT USED -----,----- NOT USED -----,----- NOT USED -----,----- NOT USED -----,----- NOT USED -----,CLB HA Set A/F,CLB HA Set-Enable,CLB HA Reset-Enable,CLB HA Reset D/G,----- NOT USED -----,----- NOT USED -----,----- NOT USED -----
----- NOT USED -----,IOB P46.O MuxBit: 0,PIP  170G21,PIP  173G21,PIP  172G18,PIP  169G18,PIP  175G18,PIP  178G18,PIP  176G21,CLB GH.D MuxBit: 3,CLB HH.A MuxBit: 3,CLB HH.A MuxBit: 0,CLB HH.A MuxBit: 2,CLB GH.D MuxBit: 2,CLB GH.D MuxBit: 1,PIP  150G18,PIP  156G18,PIP  155G22,----- NOT USED -----,PIP  148G22,CLB HH CLK enable,CLB HH CLK Invert,CLB HH,CLB HH.K MuxBit: 0,CLB HH.K MuxBit: 1,PIP  153G18,PIP  147G18,CLB GG.D MuxBit: 3,CLB HG.A MuxBit: 3,CLB HG.A MuxBit: 0,CLB HG.A MuxBit: 2,CLB GG.D MuxBit: 2,CLB GG.D MuxBit: 1,PIP  130G18,PIP  136G18,PIP  135G22,----- NOT USED -----,PIP  128G22,CLB HG CLK enable,CLB HG CLK Invert,CLB HG,CLB HG.K MuxBit: 0,CLB HG.K MuxBit: 1,PIP  133G18,PIP  127G18,Bidi 125G27,Bidi 125G31,CLB GF.D MuxBit: 3,CLB HF.A MuxBit: 3,CLB HF.A MuxBit: 0,CLB HF.A MuxBit: 2,CLB GF.D MuxBit: 2,CLB GF.D MuxBit: 1,PIP  110G18,PIP  116G18,PIP  115G22,----- NOT USED -----,PIP  108G22,CLB HF CLK enable,CLB HF CLK Invert,CLB HF,CLB HF.K MuxBit: 0,CLB HF.K MuxBit: 1,PIP  113G18,PIP  107G18,CLB GE.D MuxBit: 3,CLB HE.A MuxBit: 3,CLB HE.A MuxBit: 0,CLB HE.A MuxBit: 2,CLB GE.D MuxBit: 2,CLB GE.D MuxBit: 1,PIP  90G18,PIP  96G18,PIP  95G22,----- NOT USED -----,PIP  88G22,CLB HE CLK enable,CLB HE CLK Invert,CLB HE,CLB HE.K MuxBit: 0,CLB HE.K MuxBit: 1,PIP  93G18,PIP  87G18,CLB GD.D MuxBit: 3,CLB HD.A MuxBit: 3,CLB HD.A MuxBit: 0,CLB HD.A MuxBit: 2,CLB GD.D MuxBit: 2,CLB GD.D MuxBit: 1,PIP  70G18,PIP  76G18,PIP  75G22,----- NOT USED -----,PIP  68G22,CLB HD CLK enable,CLB HD CLK Invert,CLB HD,CLB HD.K MuxBit: 0,CLB HD.K MuxBit: 1,PIP  73G18,PIP  67G18,Bidi 65G27,Bidi 65G31,CLB GC.D MuxBit: 3,CLB HC.A MuxBit: 3,CLB HC.A MuxBit: 0,CLB HC.A MuxBit: 2,CLB GC.D MuxBit: 2,CLB GC.D MuxBit: 1,PIP  50G18,PIP  56G18,PIP  55G22,----- NOT USED -----,PIP  48G22,CLB HC CLK enable,CLB HC CLK Invert,CLB HC,CLB HC.K MuxBit: 0,CLB HC.K MuxBit: 1,PIP  53G18,PIP  47G18,CLB GB.D MuxBit: 3,CLB HB.A MuxBit: 3,CLB HB.A MuxBit: 0,CLB HB.A MuxBit: 2,CLB GB.D MuxBit: 2,CLB GB.D MuxBit: 1,PIP  30G18,PIP  36G18,PIP  35G22,----- NOT USED -----,PIP  28G22,CLB HB CLK enable,CLB HB CLK Invert,CLB HB,CLB HB.K MuxBit: 0,CLB HB.K MuxBit: 1,PIP  33G18,PIP  27G18,CLB GA.D MuxBit: 3,CLB HA.A MuxBit: 3,CLB HA.A MuxBit: 0,CLB HA.A MuxBit: 2,CLB GA.D MuxBit: 2,CLB GA.D MuxBit: 1,----- NOT USED -----,----- NOT USED -----,PIP  11G23,----- NOT USED -----,----- NOT USED -----,CLB HA CLK enable,CLB HA CLK Invert,CLB HA,CLB HA.K MuxBit: 0,CLB HA.K MuxBit: 1,PIP  3G23,PIP  5G23,IOB P24.T MuxBit: 2,IOB P24.T MuxBit: 1,IOB P24.T MuxBit: 0
PIP  170G23,PIP  168G31,PIP  173G23,PIP  165G30,PIP  165G27,PIP  169G27,PIP  170G28,PIP  168G28,PIP  176G23,----- NOT USED -----,----- NOT USED -----,----- NOT USED -----,----- NOT USED -----,----- NOT USED -----,----- NOT USED -----,CLB HH.B MuxBit: 0,CLB HH.B MuxBit: 5,CLB HH.C MuxBit: 0,PIP  151G22,CLB HH.C MuxBit: 4,CLB HH.B MuxBit: 2,CLB HH.C MuxBit: 2,CLB HH.C MuxBit: 3,CLB HH.B MuxBit: 3,CLB HH.B MuxBit: 1,CLB HH.C MuxBit: 1,CLB HH.B MuxBit: 4,----- NOT USED -----,----- NOT USED -----,----- NOT USED -----,----- NOT USED -----,----- NOT USED -----,----- NOT USED -----,CLB HG.B MuxBit: 0,CLB HG.B MuxBit: 5,CLB HG.C MuxBit: 0,PIP  131G22,CLB HG.C MuxBit: 4,CLB HG.B MuxBit: 2,CLB HG.C MuxBit: 2,CLB HG.C MuxBit: 3,CLB HG.B MuxBit: 3,CLB HG.B MuxBit: 1,CLB HG.C MuxBit: 1,CLB HG.B MuxBit: 4,----- NOT USED -----,----- NOT USED -----,----- NOT USED -----,----- NOT USED -----,----- NOT USED -----,----- NOT USED -----,----- NOT USED -----,----- NOT USED -----,CLB HF.B MuxBit: 0,CLB HF.B MuxBit: 5,CLB HF.C MuxBit: 0,PIP  111G22,CLB HF.C MuxBit: 4,CLB HF.B MuxBit: 2,CLB HF.C MuxBit: 2,CLB HF.C MuxBit: 3,CLB HF.B MuxBit: 3,CLB HF.B MuxBit: 1,CLB HF.C MuxBit: 1,CLB HF.B MuxBit: 4,----- NOT USED -----,----- NOT USED -----,----- NOT USED -----,----- NOT USED -----,----- NOT USED -----,----- NOT USED -----,CLB HE.B MuxBit: 0,CLB HE.B MuxBit: 5,CLB HE.C MuxBit: 0,PIP  91G22,CLB HE.C MuxBit: 4,CLB HE.B MuxBit: 2,CLB HE.C MuxBit: 2,CLB HE.C MuxBit: 3,CLB HE.B MuxBit: 3,CLB HE.B MuxBit: 1,CLB HE.C MuxBit: 1,CLB HE.B MuxBit: 4,----- NOT USED -----,----- NOT USED -----,----- NOT USED -----,----- NOT USED -----,----- NOT USED -----,----- NOT USED -----,CLB HD.B MuxBit: 0,CLB HD.B MuxBit: 5,CLB HD.C MuxBit: 0,PIP  71G22,CLB HD.C MuxBit: 4,CLB HD.B MuxBit: 2,CLB HD.C MuxBit: 2,CLB HD.C MuxBit: 3,CLB HD.B MuxBit: 3,CLB HD.B MuxBit: 1,CLB HD.C MuxBit: 1,CLB HD.B MuxBit: 4,----- NOT USED -----,----- NOT USED -----,----- NOT USED -----,----- NOT USED -----,----- NOT USED -----,----- NOT USED -----,----- NOT USED -----,----- NOT USED -----,CLB HC.B MuxBit: 0,CLB HC.B MuxBit: 5,CLB HC.C MuxBit: 0,PIP  51G22,CLB HC.C MuxBit: 4,CLB HC.B MuxBit: 2,CLB HC.C MuxBit: 2,CLB HC.C MuxBit: 3,CLB HC.B MuxBit: 3,CLB HC.B MuxBit: 1,CLB HC.C MuxBit: 1,CLB HC.B MuxBit: 4,----- NOT USED -----,----- NOT USED -----,----- NOT USED -----,----- NOT USED -----,----- NOT USED -----,----- NOT USED -----,CLB HB.B MuxBit: 0,CLB HB.B MuxBit: 5,CLB HB.C MuxBit: 0,PIP  31G22,CLB HB.C MuxBit: 4,CLB HB.B MuxBit: 2,CLB HB.C MuxBit: 2,CLB HB.C MuxBit: 3,CLB HB.B MuxBit: 3,CLB HB.B MuxBit: 1,CLB HB.C MuxBit: 1,CLB HB.B MuxBit: 4,----- NOT USED -----,----- NOT USED -----,----- NOT USED -----,----- NOT USED -----,----- NOT USED -----,----- NOT USED -----,CLB HA.B MuxBit: 0,CLB HA.B MuxBit: 5,CLB HA.C MuxBit: 0,----- NOT USED -----,CLB HA.C MuxBit: 4,CLB HA.B MuxBit: 2,CLB HA.C MuxBit: 2,CLB HA.C MuxBit: 3,CLB HA.B MuxBit: 3,CLB HA.B MuxBit: 1,CLB HA.C MuxBit: 1,CLB HA.B MuxBit: 4,----- NOT USED -----,----- NOT USED -----,----- NOT USED -----
PIP  170G31,PIP  170G25,Magic @ 172G32 6 8,Magic @ 172G32 6 7,PIP  172G25,PIP  169G25,PIP  169G30,PIP  178G25,PIP  176G25,----- NOT USED -----,Magic @ 150G29 3 5,CLB GH.D MuxBit: 0,PIP  151G25,CLB HH.A MuxBit: 1,PIP  156G28,PIP  156G31,PIP  155G27,Magic @ 150G29 2 8,Magic @ 147G32 1 3,PIP  155G30,PIP  154G30,PIP  154G28,PIP  153G28,PIP  153G30,PIP  153G32,PIP  147G25,Magic @ 147G32 6 8,----- NOT USED -----,Magic @ 130G29 3 5,CLB GG.D MuxBit: 0,PIP  131G25,CLB HG.A MuxBit: 1,PIP  136G28,PIP  136G31,PIP  135G27,Magic @ 130G29 2 8,Magic @ 127G32 1 3,PIP  135G30,PIP  134G30,PIP  134G28,PIP  133G28,PIP  133G30,PIP  133G32,PIP  127G25,Magic @ 127G32 6 8,----- NOT USED -----,----- NOT USED -----,----- NOT USED -----,Magic @ 110G29 3 5,CLB GF.D MuxBit: 0,PIP  111G25,CLB HF.A MuxBit: 1,PIP  116G28,PIP  116G31,PIP  115G27,Magic @ 110G29 2 8,Magic @ 107G32 1 3,PIP  115G30,PIP  114G30,PIP  114G28,PIP  113G28,PIP  113G30,PIP  113G32,PIP  107G25,Magic @ 107G32 6 8,----- NOT USED -----,Magic @ 90G29 3 5,CLB GE.D MuxBit: 0,PIP  91G25,CLB HE.A MuxBit: 1,PIP  96G28,PIP  96G31,PIP  95G27,Magic @ 90G29 2 8,Magic @ 87G32 1 3,PIP  95G30,PIP  94G30,PIP  94G28,PIP  93G28,PIP  93G30,PIP  93G32,PIP  87G25,Magic @ 87G32 6 8,----- NOT USED -----,Magic @ 70G29 3 5,CLB GD.D MuxBit: 0,PIP  71G25,CLB HD.A MuxBit: 1,PIP  76G28,PIP  76G31,PIP  75G27,Magic @ 70G29 2 8,Magic @ 67G32 1 3,PIP  75G30,PIP  74G30,PIP  74G28,PIP  73G28,PIP  73G30,PIP  73G32,PIP  67G25,Magic @ 67G32 6 8,----- NOT USED -----,----- NOT USED -----,----- NOT USED -----,Magic @ 50G29 3 5,CLB GC.D MuxBit: 0,PIP  51G25,CLB HC.A MuxBit: 1,PIP  56G28,PIP  56G31,PIP  55G27,Magic @ 50G29 2 8,Magic @ 47G32 1 3,PIP  55G30,PIP  54G30,PIP  54G28,PIP  53G28,PIP  53G30,PIP  53G32,PIP  47G25,Magic @ 47G32 6 8,----- NOT USED -----,Magic @ 30G29 3 5,CLB GB.D MuxBit: 0,PIP  31G25,CLB HB.A MuxBit: 1,PIP  36G28,PIP  36G31,PIP  35G27,Magic @ 30G29 2 8,Magic @ 27G32 1 3,PIP  35G30,PIP  34G30,PIP  34G28,PIP  33G28,PIP  33G30,PIP  33G32,PIP  27G25,Magic @ 27G32 6 8,----- NOT USED -----,Magic @ 8G29 1 5,CLB GA.D MuxBit: 0,PIP  9G25,CLB HA.A MuxBit: 1,PIP  12G25,PIP  8G23,PIP  14G27,Magic @ 8G29 2 4,PIP  12G30,PIP  11G25,PIP  11G31,PIP  17G28,PIP  17G25,Magic @ 5G32 3 1,PIP  3G25,PIP  5G25,IOB P24.O MuxBit: 0,----- NOT USED -----,----- NOT USED -----,----- NOT USED -----
Magic @ 172G32 7 1,Magic @ 172G32 1 8,Magic @ 172G32 2 5,Magic @ 172G32 1 6,Magic @ 175G29 6 7,Magic @ 175G29 6 2,Magic @ 175G29 6 8,Magic @ 175G29 5 7,Magic @ 175G29 2 5,Magic @ 150G29 4 5,Magic @ 150G29 3 7,Magic @ 150G29 4 7,Magic @ 150G29 1 3,Magic @ 150G29 4 6,Magic @ 150G29 1 6,Magic @ 150G29 1 7,Magic @ 150G29 6 8,Magic @ 150G29 2 5,Magic @ 147G32 1 6,Magic @ 147G32 3 5,Magic @ 147G32 2 4,Magic @ 147G32 2 5,Magic @ 147G32 5 7,Magic @ 147G32 2 8,Magic @ 147G32 4 7,Magic @ 147G32 4 8,Magic @ 147G32 6 7,Magic @ 130G29 4 5,Magic @ 130G29 3 7,Magic @ 130G29 4 7,Magic @ 130G29 1 3,Magic @ 130G29 4 6,Magic @ 130G29 1 6,Magic @ 130G29 1 7,Magic @ 130G29 6 8,Magic @ 130G29 2 5,Magic @ 127G32 1 6,Magic @ 127G32 3 5,Magic @ 127G32 2 4,Magic @ 127G32 2 5,Magic @ 127G32 5 7,Magic @ 127G32 2 8,Magic @ 127G32 4 7,Magic @ 127G32 4 8,Magic @ 127G32 6 7,----- NOT USED -----,----- NOT USED -----,Magic @ 110G29 4 5,Magic @ 110G29 3 7,Magic @ 110G29 4 7,Magic @ 110G29 1 3,Magic @ 110G29 4 6,Magic @ 110G29 1 6,Magic @ 110G29 1 7,Magic @ 110G29 6 8,Magic @ 110G29 2 5,Magic @ 107G32 1 6,Magic @ 107G32 3 5,Magic @ 107G32 2 4,Magic @ 107G32 2 5,Magic @ 107G32 5 7,Magic @ 107G32 2 8,Magic @ 107G32 4 7,Magic @ 107G32 4 8,Magic @ 107G32 6 7,Magic @ 90G29 4 5,Magic @ 90G29 3 7,Magic @ 90G29 4 7,Magic @ 90G29 1 3,Magic @ 90G29 4 6,Magic @ 90G29 1 6,Magic @ 90G29 1 7,Magic @ 90G29 6 8,Magic @ 90G29 2 5,Magic @ 87G32 1 6,Magic @ 87G32 3 5,Magic @ 87G32 2 4,Magic @ 87G32 2 5,Magic @ 87G32 5 7,Magic @ 87G32 2 8,Magic @ 87G32 4 7,Magic @ 87G32 4 8,Magic @ 87G32 6 7,Magic @ 70G29 4 5,Magic @ 70G29 3 7,Magic @ 70G29 4 7,Magic @ 70G29 1 3,Magic @ 70G29 4 6,Magic @ 70G29 1 6,Magic @ 70G29 1 7,Magic @ 70G29 6 8,Magic @ 70G29 2 5,Magic @ 67G32 1 6,Magic @ 67G32 3 5,Magic @ 67G32 2 4,Magic @ 67G32 2 5,Magic @ 67G32 5 7,Magic @ 67G32 2 8,Magic @ 67G32 4 7,Magic @ 67G32 4 8,Magic @ 67G32 6 7,----- NOT USED -----,----- NOT USED -----,Magic @ 50G29 4 5,Magic @ 50G29 3 7,Magic @ 50G29 4 7,Magic @ 50G29 1 3,Magic @ 50G29 4 6,Magic @ 50G29 1 6,Magic @ 50G29 1 7,Magic @ 50G29 6 8,Magic @ 50G29 2 5,Magic @ 47G32 1 6,Magic @ 47G32 3 5,Magic @ 47G32 2 4,Magic @ 47G32 2 5,Magic @ 47G32 5 7,Magic @ 47G32 2 8,Magic @ 47G32 4 7,Magic @ 47G32 4 8,Magic @ 47G32 6 7,Magic @ 30G29 4 5,Magic @ 30G29 3 7,Magic @ 30G29 4 7,Magic @ 30G29 1 3,Magic @ 30G29 4 6,Magic @ 30G29 1 6,Magic @ 30G29 1 7,Magic @ 30G29 6 8,Magic @ 30G29 2 5,Magic @ 27G32 1 6,Magic @ 27G32 3 5,Magic @ 27G32 2 4,Magic @ 27G32 2 5,Magic @ 27G32 5 7,Magic @ 27G32 2 8,Magic @ 27G32 4 7,Magic @ 27G32 4 8,Magic @ 27G32 6 7,Magic @ 8G29 4 5,Magic @ 8G29 1 3,Magic @ 8G29 2 5,Magic @ 8G29 3 2,----- NOT USED -----,----- NOT USED -----,----- NOT USED -----,----- NOT USED -----,----- NOT USED -----,----- NOT USED -----,----- NOT USED -----,----- NOT USED -----,----- NOT USED -----,----- NOT USED -----,----- NOT USED -----,----- NOT USED -----,----- NOT USED -----,----- NOT USED -----,----- NOT USED -----,----- NOT USED -----,----- NOT USED -----
Magic @ 172G32 5 7,Magic @ 172G32 2 8,Magic @ 172G32 1 5,Magic @ 172G32 6 2,Magic @ 175G29 1 7,Magic @ 175G29 1 6,Magic @ 175G29 8 1,Magic @ 175G29 5 1,Magic @ 175G29 8 2,Magic @ 150G29 2 4,Magic @ 150G29 2 3,Magic @ 150G29 4 8,Magic @ 150G29 3 8,Magic @ 150G29 2 6,Magic @ 150G29 1 5,Magic @ 150G29 1 8,Magic @ 150G29 6 7,Magic @ 150G29 5 7,Magic @ 147G32 4 6,Magic @ 147G32 4 5,Magic @ 147G32 2 3,Magic @ 147G32 2 6,Magic @ 147G32 1 5,Magic @ 147G32 3 8,Magic @ 147G32 3 7,Magic @ 147G32 1 8,Magic @ 147G32 1 7,Magic @ 130G29 2 4,Magic @ 130G29 2 3,Magic @ 130G29 4 8,Magic @ 130G29 3 8,Magic @ 130G29 2 6,Magic @ 130G29 1 5,Magic @ 130G29 1 8,Magic @ 130G29 6 7,Magic @ 130G29 5 7,Magic @ 127G32 4 6,Magic @ 127G32 4 5,Magic @ 127G32 2 3,Magic @ 127G32 2 6,Magic @ 127G32 1 5,Magic @ 127G32 3 8,Magic @ 127G32 3 7,Magic @ 127G32 1 8,Magic @ 127G32 1 7,----- NOT USED -----,Bidi 125G30,Magic @ 110G29 2 4,Magic @ 110G29 2 3,Magic @ 110G29 4 8,Magic @ 110G29 3 8,Magic @ 110G29 2 6,Magic @ 110G29 1 5,Magic @ 110G29 1 8,Magic @ 110G29 6 7,Magic @ 110G29 5 7,Magic @ 107G32 4 6,Magic @ 107G32 4 5,Magic @ 107G32 2 3,Magic @ 107G32 2 6,Magic @ 107G32 1 5,Magic @ 107G32 3 8,Magic @ 107G32 3 7,Magic @ 107G32 1 8,Magic @ 107G32 1 7,Magic @ 90G29 2 4,Magic @ 90G29 2 3,Magic @ 90G29 4 8,Magic @ 90G29 3 8,Magic @ 90G29 2 6,Magic @ 90G29 1 5,Magic @ 90G29 1 8,Magic @ 90G29 6 7,Magic @ 90G29 5 7,Magic @ 87G32 4 6,Magic @ 87G32 4 5,Magic @ 87G32 2 3,Magic @ 87G32 2 6,Magic @ 87G32 1 5,Magic @ 87G32 3 8,Magic @ 87G32 3 7,Magic @ 87G32 1 8,Magic @ 87G32 1 7,Magic @ 70G29 2 4,Magic @ 70G29 2 3,Magic @ 70G29 4 8,Magic @ 70G29 3 8,Magic @ 70G29 2 6,Magic @ 70G29 1 5,Magic @ 70G29 1 8,Magic @ 70G29 6 7,Magic @ 70G29 5 7,Magic @ 67G32 4 6,Magic @ 67G32 4 5,Magic @ 67G32 2 3,Magic @ 67G32 2 6,Magic @ 67G32 1 5,Magic @ 67G32 3 8,Magic @ 67G32 3 7,Magic @ 67G32 1 8,Magic @ 67G32 1 7,----- NOT USED -----,Bidi 65G30,Magic @ 50G29 2 4,Magic @ 50G29 2 3,Magic @ 50G29 4 8,Magic @ 50G29 3 8,Magic @ 50G29 2 6,Magic @ 50G29 1 5,Magic @ 50G29 1 8,Magic @ 50G29 6 7,Magic @ 50G29 5 7,Magic @ 47G32 4 6,Magic @ 47G32 4 5,Magic @ 47G32 2 3,Magic @ 47G32 2 6,Magic @ 47G32 1 5,Magic @ 47G32 3 8,Magic @ 47G32 3 7,Magic @ 47G32 1 8,Magic @ 47G32 1 7,Magic @ 30G29 2 4,Magic @ 30G29 2 3,Magic @ 30G29 4 8,Magic @ 30G29 3 8,Magic @ 30G29 2 6,Magic @ 30G29 1 5,Magic @ 30G29 1 8,Magic @ 30G29 6 7,Magic @ 30G29 5 7,Magic @ 27G32 4 6,Magic @ 27G32 4 5,Magic @ 27G32 2 3,Magic @ 27G32 2 6,Magic @ 27G32 1 5,Magic @ 27G32 3 8,Magic @ 27G32 3 7,Magic @ 27G32 1 8,Magic @ 27G32 1 7,Magic @ 8G29 4 6,Magic @ 8G29 1 6,Magic @ 8G29 3 5,Magic @ 8G29 2 6,----- NOT USED -----,----- NOT USED -----,----- NOT USED -----,----- NOT USED -----,Magic @ 5G32 4 2,Magic @ 5G32 4 5,Magic @ 5G32 3 5,Magic @ 5G32 3 2,Magic @ 5G32 2 5,Magic @ 5G32 1 5,Magic @ 5G32 2 6,Magic @ 5G32 4 6,Magic @ 5G32 1 6,IOB P24.O MuxBit: 1,IOB P24.O MuxBit: 2,IOB P24.O MuxBit: 3,IOB P24.I PAD/Latched
----- NOT USED -----,----- NOT USED -----,IOB P47.I PAD/Latched,IOB P48.T MuxBit: 1,IOB P47,IOB P47.T MuxBit: 1,IOB P47.O MuxBit: 0,IOB P47.O MuxBit: 1,IOB P47.O MuxBit: 2,CLB GH Logic Table: 2 Bit: 1,CLB GH Logic Table: 2 Bit: 0,CLB GH Logic Table: 2 Bit: 2,CLB GH Logic Table: 2 Bit: 3,CLB GH Logic Table: 2 Bit: 5,CLB GH Logic Table: 2 Bit: 4,CLB GH Logic Table: 2 Bit: 6,CLB GH Logic Table: 2 Bit: 7,CLB GH BASE FG,----- NOT USED -----,CLB GH Logic Table: 1 Bit: 7,CLB GH Logic Table: 1 Bit: 6,CLB GH Logic Table: 1 Bit: 4,CLB GH Logic Table: 1 Bit: 5,CLB GH Logic Table: 1 Bit: 3,CLB GH Logic Table: 1 Bit: 2,CLB GH Logic Table: 1 Bit: 0,CLB GH Logic Table: 1 Bit: 1,CLB GG Logic Table: 2 Bit: 1,CLB GG Logic Table: 2 Bit: 0,CLB GG Logic Table: 2 Bit: 2,CLB GG Logic Table: 2 Bit: 3,CLB GG Logic Table: 2 Bit: 5,CLB GG Logic Table: 2 Bit: 4,CLB GG Logic Table: 2 Bit: 6,CLB GG Logic Table: 2 Bit: 7,CLB GG BASE FG,----- NOT USED -----,CLB GG Logic Table: 1 Bit: 7,CLB GG Logic Table: 1 Bit: 6,CLB GG Logic Table: 1 Bit: 4,CLB GG Logic Table: 1 Bit: 5,CLB GG Logic Table: 1 Bit: 3,CLB GG Logic Table: 1 Bit: 2,CLB GG Logic Table: 1 Bit: 0,CLB GG Logic Table: 1 Bit: 1,Bidi 125G47,----- NOT USED -----,CLB GF Logic Table: 2 Bit: 1,CLB GF Logic Table: 2 Bit: 0,CLB GF Logic Table: 2 Bit: 2,CLB GF Logic Table: 2 Bit: 3,CLB GF Logic Table: 2 Bit: 5,CLB GF Logic Table: 2 Bit: 4,CLB GF Logic Table: 2 Bit: 6,CLB GF Logic Table: 2 Bit: 7,CLB GF BASE FG,----- NOT USED -----,CLB GF Logic Table: 1 Bit: 7,CLB GF Logic Table: 1 Bit: 6,CLB GF Logic Table: 1 Bit: 4,CLB GF Logic Table: 1 Bit: 5,CLB GF Logic Table: 1 Bit: 3,CLB GF Logic Table: 1 Bit: 2,CLB GF Logic Table: 1 Bit: 0,CLB GF Logic Table: 1 Bit: 1,CLB GE Logic Table: 2 Bit: 1,CLB GE Logic Table: 2 Bit: 0,CLB GE Logic Table: 2 Bit: 2,CLB GE Logic Table: 2 Bit: 3,CLB GE Logic Table: 2 Bit: 5,CLB GE Logic Table: 2 Bit: 4,CLB GE Logic Table: 2 Bit: 6,CLB GE Logic Table: 2 Bit: 7,CLB GE BASE FG,----- NOT USED -----,CLB GE Logic Table: 1 Bit: 7,CLB GE Logic Table: 1 Bit: 6,CLB GE Logic Table: 1 Bit: 4,CLB GE Logic Table: 1 Bit: 5,CLB GE Logic Table: 1 Bit: 3,CLB GE Logic Table: 1 Bit: 2,CLB GE Logic Table: 1 Bit: 0,CLB GE Logic Table: 1 Bit: 1,CLB GD Logic Table: 2 Bit: 1,CLB GD Logic Table: 2 Bit: 0,CLB GD Logic Table: 2 Bit: 2,CLB GD Logic Table: 2 Bit: 3,CLB GD Logic Table: 2 Bit: 5,CLB GD Logic Table: 2 Bit: 4,CLB GD Logic Table: 2 Bit: 6,CLB GD Logic Table: 2 Bit: 7,CLB GD BASE FG,----- NOT USED -----,CLB GD Logic Table: 1 Bit: 7,CLB GD Logic Table: 1 Bit: 6,CLB GD Logic Table: 1 Bit: 4,CLB GD Logic Table: 1 Bit: 5,CLB GD Logic Table: 1 Bit: 3,CLB GD Logic Table: 1 Bit: 2,CLB GD Logic Table: 1 Bit: 0,CLB GD Logic Table: 1 Bit: 1,Bidi 65G47,----- NOT USED -----,CLB GC Logic Table: 2 Bit: 1,CLB GC Logic Table: 2 Bit: 0,CLB GC Logic Table: 2 Bit: 2,CLB GC Logic Table: 2 Bit: 3,CLB GC Logic Table: 2 Bit: 5,CLB GC Logic Table: 2 Bit: 4,CLB GC Logic Table: 2 Bit: 6,CLB GC Logic Table: 2 Bit: 7,CLB GC BASE FG,----- NOT USED -----,CLB GC Logic Table: 1 Bit: 7,CLB GC Logic Table: 1 Bit: 6,CLB GC Logic Table: 1 Bit: 4,CLB GC Logic Table: 1 Bit: 5,CLB GC Logic Table: 1 Bit: 3,CLB GC Logic Table: 1 Bit: 2,CLB GC Logic Table: 1 Bit: 0,CLB GC Logic Table: 1 Bit: 1,CLB GB Logic Table: 2 Bit: 1,CLB GB Logic Table: 2 Bit: 0,CLB GB Logic Table: 2 Bit: 2,CLB GB Logic Table: 2 Bit: 3,CLB GB Logic Table: 2 Bit: 5,CLB GB Logic Table: 2 Bit: 4,CLB GB Logic Table: 2 Bit: 6,CLB GB Logic Table: 2 Bit: 7,CLB GB BASE FG,----- NOT USED -----,CLB GB Logic Table: 1 Bit: 7,CLB GB Logic Table: 1 Bit: 6,CLB GB Logic Table: 1 Bit: 4,CLB GB Logic Table: 1 Bit: 5,CLB GB Logic Table: 1 Bit: 3,CLB GB Logic Table: 1 Bit: 2,CLB GB Logic Table: 1 Bit: 0,CLB GB Logic Table: 1 Bit: 1,CLB GA Logic Table: 2 Bit: 1,CLB GA Logic Table: 2 Bit: 0,CLB GA Logic Table: 2 Bit: 2,CLB GA Logic Table: 2 Bit: 3,CLB GA Logic Table: 2 Bit: 5,CLB GA Logic Table: 2 Bit: 4,CLB GA Logic Table: 2 Bit: 6,CLB GA Logic Table: 2 Bit: 7,CLB GA BASE FG,----- NOT USED -----,CLB GA Logic Table: 1 Bit: 7,CLB GA Logic Table: 1 Bit: 6,CLB GA Logic Table: 1 Bit: 4,CLB GA Logic Table: 1 Bit: 5,CLB GA Logic Table: 1 Bit: 3,CLB GA Logic Table: 1 Bit: 2,CLB GA Logic Table: 1 Bit: 0,CLB GA Logic Table: 1 Bit: 1,IOB P23.O MuxBit: 0,IOB P23.I PAD/Latched,----- NOT USED -----
IOB P48.I PAD/Latched,IOB P48,IOB P48.T MuxBit: 2,PIP  172G35,PIP  169G35,PIP  175G35,IOB P47.O MuxBit: 3,IOB P47.O MuxBit: 4,----- NOT USED -----,CLB GH Logic Table: 2 Mux C/D/Q Bit: 1,CLB GH Logic Table: 2 Mux C/D/Q Bit: 0,----- NOT USED -----,----- NOT USED -----,----- NOT USED -----,CLB GH Logic Table: 2 Mux B/C,CLB GH Logic Table: 2 Mux A/B,----- NOT USED -----,----- NOT USED -----,----- NOT USED -----,CLB GH Logic Table: 1 Mux A/B,CLB GH Logic Table: 1 Mux B/C,----- NOT USED -----,----- NOT USED -----,----- NOT USED -----,----- NOT USED -----,CLB GH Logic Table: 1 Mux C/D/Q Bit: 0,CLB GH Logic Table: 1 Mux C/D/Q Bit: 1,CLB GG Logic Table: 2 Mux C/D/Q Bit: 1,CLB GG Logic Table: 2 Mux C/D/Q Bit: 0,----- NOT USED -----,----- NOT USED -----,----- NOT USED -----,CLB GG Logic Table: 2 Mux B/C,CLB GG Logic Table: 2 Mux A/B,----- NOT USED -----,----- NOT USED -----,----- NOT USED -----,CLB GG Logic Table: 1 Mux A/B,CLB GG Logic Table: 1 Mux B/C,----- NOT USED -----,----- NOT USED -----,----- NOT USED -----,----- NOT USED -----,CLB GG Logic Table: 1 Mux C/D/Q Bit: 0,CLB GG Logic Table: 1 Mux C/D/Q Bit: 1,----- NOT USED -----,----- NOT USED -----,CLB GF Logic Table: 2 Mux C/D/Q Bit: 1,CLB GF Logic Table: 2 Mux C/D/Q Bit: 0,----- NOT USED -----,----- NOT USED -----,----- NOT USED -----,CLB GF Logic Table: 2 Mux B/C,CLB GF Logic Table: 2 Mux A/B,----- NOT USED -----,----- NOT USED -----,----- NOT USED -----,CLB GF Logic Table: 1 Mux A/B,CLB GF Logic Table: 1 Mux B/C,----- NOT USED -----,----- NOT USED -----,----- NOT USED -----,----- NOT USED -----,CLB GF Logic Table: 1 Mux C/D/Q Bit: 0,CLB GF Logic Table: 1 Mux C/D/Q Bit: 1,CLB GE Logic Table: 2 Mux C/D/Q Bit: 1,CLB GE Logic Table: 2 Mux C/D/Q Bit: 0,----- NOT USED -----,----- NOT USED -----,----- NOT USED -----,CLB GE Logic Table: 2 Mux B/C,CLB GE Logic Table: 2 Mux A/B,----- NOT USED -----,----- NOT USED -----,----- NOT USED -----,CLB GE Logic Table: 1 Mux A/B,CLB GE Logic Table: 1 Mux B/C,----- NOT USED -----,----- NOT USED -----,----- NOT USED -----,----- NOT USED -----,CLB GE Logic Table: 1 Mux C/D/Q Bit: 0,CLB GE Logic Table: 1 Mux C/D/Q Bit: 1,CLB GD Logic Table: 2 Mux C/D/Q Bit: 1,CLB GD Logic Table: 2 Mux C/D/Q Bit: 0,----- NOT USED -----,----- NOT USED -----,----- NOT USED -----,CLB GD Logic Table: 2 Mux B/C,CLB GD Logic Table: 2 Mux A/B,----- NOT USED -----,----- NOT USED -----,----- NOT USED -----,CLB GD Logic Table: 1 Mux A/B,CLB GD Logic Table: 1 Mux B/C,----- NOT USED -----,----- NOT USED -----,----- NOT USED -----,----- NOT USED -----,CLB GD Logic Table: 1 Mux C/D/Q Bit: 0,CLB GD Logic Table: 1 Mux C/D/Q Bit: 1,----- NOT USED -----,----- NOT USED -----,CLB GC Logic Table: 2 Mux C/D/Q Bit: 1,CLB GC Logic Table: 2 Mux C/D/Q Bit: 0,----- NOT USED -----,----- NOT USED -----,----- NOT USED -----,CLB GC Logic Table: 2 Mux B/C,CLB GC Logic Table: 2 Mux A/B,----- NOT USED -----,----- NOT USED -----,----- NOT USED -----,CLB GC Logic Table: 1 Mux A/B,CLB GC Logic Table: 1 Mux B/C,----- NOT USED -----,----- NOT USED -----,----- NOT USED -----,----- NOT USED -----,CLB GC Logic Table: 1 Mux C/D/Q Bit: 0,CLB GC Logic Table: 1 Mux C/D/Q Bit: 1,CLB GB Logic Table: 2 Mux C/D/Q Bit: 1,CLB GB Logic Table: 2 Mux C/D/Q Bit: 0,----- NOT USED -----,----- NOT USED -----,----- NOT USED -----,CLB GB Logic Table: 2 Mux B/C,CLB GB Logic Table: 2 Mux A/B,----- NOT USED -----,----- NOT USED -----,----- NOT USED -----,CLB GB Logic Table: 1 Mux A/B,CLB GB Logic Table: 1 Mux B/C,----- NOT USED -----,----- NOT USED -----,----- NOT USED -----,----- NOT USED -----,CLB GB Logic Table: 1 Mux C/D/Q Bit: 0,CLB GB Logic Table: 1 Mux C/D/Q Bit: 1,CLB GA Logic Table: 2 Mux C/D/Q Bit: 1,CLB GA Logic Table: 2 Mux C/D/Q Bit: 0,----- NOT USED -----,----- NOT USED -----,----- NOT USED -----,CLB GA Logic Table: 2 Mux B/C,CLB GA Logic Table: 2 Mux A/B,----- NOT USED -----,----- NOT USED -----,----- NOT USED -----,CLB GA Logic Table: 1 Mux A/B,CLB GA Logic Table: 1 Mux B/C,----- NOT USED -----,----- NOT USED -----,----- NOT USED -----,----- NOT USED -----,CLB GA Logic Table: 1 Mux C/D/Q Bit: 0,CLB GA Logic Table: 1 Mux C/D/Q Bit: 1,IOB P23.O MuxBit: 3,IOB P23.O MuxBit: 2,IOB P23.O MuxBit: 1
IOB P48.O MuxBit: 1,IOB P48.O MuxBit: 2,IOB P48.O MuxBit: 4,IOB P48.O MuxBit: 3,----- NOT USED -----,IOB P47.T MuxBit: 2,PIP  168G44,PIP  178G35,----- NOT USED -----,----- NOT USED -----,----- NOT USED -----,----- NOT USED -----,----- NOT USED -----,CLB GH.Y F/M or Q,CLB GH.Y G,CLB GH.X G,CLB GH.X F/M or Q,CLB GH Select Latch/FF,----- NOT USED -----,----- NOT USED -----,----- NOT USED -----,----- NOT USED -----,----- NOT USED -----,CLB GH Set A/F,CLB GH Set-Enable,CLB GH Reset-Enable,CLB GH Reset D/G,----- NOT USED -----,----- NOT USED -----,----- NOT USED -----,----- NOT USED -----,CLB GG.Y F/M or Q,CLB GG.Y G,CLB GG.X G,CLB GG.X F/M or Q,CLB GG Select Latch/FF,----- NOT USED -----,----- NOT USED -----,----- NOT USED -----,----- NOT USED -----,----- NOT USED -----,CLB GG Set A/F,CLB GG Set-Enable,CLB GG Reset-Enable,CLB GG Reset D/G,----- NOT USED -----,----- NOT USED -----,----- NOT USED -----,----- NOT USED -----,----- NOT USED -----,----- NOT USED -----,CLB GF.Y F/M or Q,CLB GF.Y G,CLB GF.X G,CLB GF.X F/M or Q,CLB GF Select Latch/FF,----- NOT USED -----,----- NOT USED -----,----- NOT USED -----,----- NOT USED -----,----- NOT USED -----,CLB GF Set A/F,CLB GF Set-Enable,CLB GF Reset-Enable,CLB GF Reset D/G,----- NOT USED -----,----- NOT USED -----,----- NOT USED -----,----- NOT USED -----,CLB GE.Y F/M or Q,CLB GE.Y G,CLB GE.X G,CLB GE.X F/M or Q,CLB GE Select Latch/FF,----- NOT USED -----,----- NOT USED -----,----- NOT USED -----,----- NOT USED -----,----- NOT USED -----,CLB GE Set A/F,CLB GE Set-Enable,CLB GE Reset-Enable,CLB GE Reset D/G,----- NOT USED -----,----- NOT USED -----,----- NOT USED -----,----- NOT USED -----,CLB GD.Y F/M or Q,CLB GD.Y G,CLB GD.X G,CLB GD.X F/M or Q,CLB GD Select Latch/FF,----- NOT USED -----,----- NOT USED -----,----- NOT USED -----,----- NOT USED -----,----- NOT USED -----,CLB GD Set A/F,CLB GD Set-Enable,CLB GD Reset-Enable,CLB GD Reset D/G,----- NOT USED -----,----- NOT USED -----,----- NOT USED -----,----- NOT USED -----,----- NOT USED -----,----- NOT USED -----,CLB GC.Y F/M or Q,CLB GC.Y G,CLB GC.X G,CLB GC.X F/M or Q,CLB GC Select Latch/FF,----- NOT USED -----,----- NOT USED -----,----- NOT USED -----,----- NOT USED -----,----- NOT USED -----,CLB GC Set A/F,CLB GC Set-Enable,CLB GC Reset-Enable,CLB GC Reset D/G,----- NOT USED -----,----- NOT USED -----,----- NOT USED -----,----- NOT USED -----,CLB GB.Y F/M or Q,CLB GB.Y G,CLB GB.X G,CLB GB.X F/M or Q,CLB GB Select Latch/FF,----- NOT USED -----,----- NOT USED -----,----- NOT USED -----,----- NOT USED -----,----- NOT USED -----,CLB GB Set A/F,CLB GB Set-Enable,CLB GB Reset-Enable,CLB GB Reset D/G,----- NOT USED -----,----- NOT USED -----,----- NOT USED -----,----- NOT USED -----,CLB GA.Y F/M or Q,CLB GA.Y G,CLB GA.X G,CLB GA.X F/M or Q,CLB GA Select Latch/FF,----- NOT USED -----,----- NOT USED -----,----- NOT USED -----,----- NOT USED -----,----- NOT USED -----,CLB GA Set A/F,CLB GA Set-Enable,CLB GA Reset-Enable,CLB GA Reset D/G,IOB P23.T MuxBit: 2,IOB P23.T MuxBit: 1,IOB P23.T MuxBit: 0
----- NOT USED -----,IOB P48.O MuxBit: 0,PIP  170G40,PIP  173G40,PIP  172G37,PIP  169G37,PIP  175G37,PIP  178G37,PIP  176G40,CLB FH.D MuxBit: 3,CLB GH.A MuxBit: 3,CLB GH.A MuxBit: 0,CLB GH.A MuxBit: 2,CLB FH.D MuxBit: 2,CLB FH.D MuxBit: 1,PIP  150G37,PIP  156G37,PIP  155G41,----- NOT USED -----,PIP  148G41,CLB GH CLK enable,CLB GH CLK Invert,CLB GH,CLB GH.K MuxBit: 0,CLB GH.K MuxBit: 1,PIP  153G37,PIP  147G37,CLB FG.D MuxBit: 3,CLB GG.A MuxBit: 3,CLB GG.A MuxBit: 0,CLB GG.A MuxBit: 2,CLB FG.D MuxBit: 2,CLB FG.D MuxBit: 1,PIP  130G37,PIP  136G37,PIP  135G41,----- NOT USED -----,PIP  128G41,CLB GG CLK enable,CLB GG CLK Invert,CLB GG,CLB GG.K MuxBit: 0,CLB GG.K MuxBit: 1,PIP  133G37,PIP  127G37,Bidi 125G46,Bidi 125G50,CLB FF.D MuxBit: 3,CLB GF.A MuxBit: 3,CLB GF.A MuxBit: 0,CLB GF.A MuxBit: 2,CLB FF.D MuxBit: 2,CLB FF.D MuxBit: 1,PIP  110G37,PIP  116G37,PIP  115G41,----- NOT USED -----,PIP  108G41,CLB GF CLK enable,CLB GF CLK Invert,CLB GF,CLB GF.K MuxBit: 0,CLB GF.K MuxBit: 1,PIP  113G37,PIP  107G37,CLB FE.D MuxBit: 3,CLB GE.A MuxBit: 3,CLB GE.A MuxBit: 0,CLB GE.A MuxBit: 2,CLB FE.D MuxBit: 2,CLB FE.D MuxBit: 1,PIP  90G37,PIP  96G37,PIP  95G41,----- NOT USED -----,PIP  88G41,CLB GE CLK enable,CLB GE CLK Invert,CLB GE,CLB GE.K MuxBit: 0,CLB GE.K MuxBit: 1,PIP  93G37,PIP  87G37,CLB FD.D MuxBit: 3,CLB GD.A MuxBit: 3,CLB GD.A MuxBit: 0,CLB GD.A MuxBit: 2,CLB FD.D MuxBit: 2,CLB FD.D MuxBit: 1,PIP  70G37,PIP  76G37,PIP  75G41,----- NOT USED -----,PIP  68G41,CLB GD CLK enable,CLB GD CLK Invert,CLB GD,CLB GD.K MuxBit: 0,CLB GD.K MuxBit: 1,PIP  73G37,PIP  67G37,Bidi 65G46,Bidi 65G50,CLB FC.D MuxBit: 3,CLB GC.A MuxBit: 3,CLB GC.A MuxBit: 0,CLB GC.A MuxBit: 2,CLB FC.D MuxBit: 2,CLB FC.D MuxBit: 1,PIP  50G37,PIP  56G37,PIP  55G41,----- NOT USED -----,PIP  48G41,CLB GC CLK enable,CLB GC CLK Invert,CLB GC,CLB GC.K MuxBit: 0,CLB GC.K MuxBit: 1,PIP  53G37,PIP  47G37,CLB FB.D MuxBit: 3,CLB GB.A MuxBit: 3,CLB GB.A MuxBit: 0,CLB GB.A MuxBit: 2,CLB FB.D MuxBit: 2,CLB FB.D MuxBit: 1,PIP  30G37,PIP  36G37,PIP  35G41,----- NOT USED -----,PIP  28G41,CLB GB CLK enable,CLB GB CLK Invert,CLB GB,CLB GB.K MuxBit: 0,CLB GB.K MuxBit: 1,PIP  33G37,PIP  27G37,CLB FA.D MuxBit: 3,CLB GA.A MuxBit: 3,CLB GA.A MuxBit: 0,CLB GA.A MuxBit: 2,CLB FA.D MuxBit: 2,CLB FA.D MuxBit: 1,----- NOT USED -----,PIP  12G35,PIP  11G42,----- NOT USED -----,PIP  6G35,CLB GA CLK enable,CLB GA CLK Invert,CLB GA,CLB GA.K MuxBit: 0,CLB GA.K MuxBit: 1,PIP  3G42,PIP  5G42,IOB P22.T MuxBit: 2,IOB P22.T MuxBit: 1,IOB P22.T MuxBit: 0
PIP  170G42,PIP  168G50,PIP  173G42,PIP  165G49,PIP  165G46,PIP  169G46,PIP  170G47,PIP  168G47,PIP  176G42,----- NOT USED -----,----- NOT USED -----,----- NOT USED -----,----- NOT USED -----,----- NOT USED -----,----- NOT USED -----,CLB GH.B MuxBit: 0,CLB GH.B MuxBit: 5,CLB GH.C MuxBit: 0,PIP  151G41,CLB GH.C MuxBit: 4,CLB GH.B MuxBit: 2,CLB GH.C MuxBit: 2,CLB GH.C MuxBit: 3,CLB GH.B MuxBit: 3,CLB GH.B MuxBit: 1,CLB GH.C MuxBit: 1,CLB GH.B MuxBit: 4,----- NOT USED -----,----- NOT USED -----,----- NOT USED -----,----- NOT USED -----,----- NOT USED -----,----- NOT USED -----,CLB GG.B MuxBit: 0,CLB GG.B MuxBit: 5,CLB GG.C MuxBit: 0,PIP  131G41,CLB GG.C MuxBit: 4,CLB GG.B MuxBit: 2,CLB GG.C MuxBit: 2,CLB GG.C MuxBit: 3,CLB GG.B MuxBit: 3,CLB GG.B MuxBit: 1,CLB GG.C MuxBit: 1,CLB GG.B MuxBit: 4,----- NOT USED -----,----- NOT USED -----,----- NOT USED -----,----- NOT USED -----,----- NOT USED -----,----- NOT USED -----,----- NOT USED -----,----- NOT USED -----,CLB GF.B MuxBit: 0,CLB GF.B MuxBit: 5,CLB GF.C MuxBit: 0,PIP  111G41,CLB GF.C MuxBit: 4,CLB GF.B MuxBit: 2,CLB GF.C MuxBit: 2,CLB GF.C MuxBit: 3,CLB GF.B MuxBit: 3,CLB GF.B MuxBit: 1,CLB GF.C MuxBit: 1,CLB GF.B MuxBit: 4,----- NOT USED -----,----- NOT USED -----,----- NOT USED -----,----- NOT USED -----,----- NOT USED -----,----- NOT USED -----,CLB GE.B MuxBit: 0,CLB GE.B MuxBit: 5,CLB GE.C MuxBit: 0,PIP  91G41,CLB GE.C MuxBit: 4,CLB GE.B MuxBit: 2,CLB GE.C MuxBit: 2,CLB GE.C MuxBit: 3,CLB GE.B MuxBit: 3,CLB GE.B MuxBit: 1,CLB GE.C MuxBit: 1,CLB GE.B MuxBit: 4,----- NOT USED -----,----- NOT USED -----,----- NOT USED -----,----- NOT USED -----,----- NOT USED -----,----- NOT USED -----,CLB GD.B MuxBit: 0,CLB GD.B MuxBit: 5,CLB GD.C MuxBit: 0,PIP  71G41,CLB GD.C MuxBit: 4,CLB GD.B MuxBit: 2,CLB GD.C MuxBit: 2,CLB GD.C MuxBit: 3,CLB GD.B MuxBit: 3,CLB GD.B MuxBit: 1,CLB GD.C MuxBit: 1,CLB GD.B MuxBit: 4,----- NOT USED -----,----- NOT USED -----,----- NOT USED -----,----- NOT USED -----,----- NOT USED -----,----- NOT USED -----,----- NOT USED -----,----- NOT USED -----,CLB GC.B MuxBit: 0,CLB GC.B MuxBit: 5,CLB GC.C MuxBit: 0,PIP  51G41,CLB GC.C MuxBit: 4,CLB GC.B MuxBit: 2,CLB GC.C MuxBit: 2,CLB GC.C MuxBit: 3,CLB GC.B MuxBit: 3,CLB GC.B MuxBit: 1,CLB GC.C MuxBit: 1,CLB GC.B MuxBit: 4,----- NOT USED -----,----- NOT USED -----,----- NOT USED -----,----- NOT USED -----,----- NOT USED -----,----- NOT USED -----,CLB GB.B MuxBit: 0,CLB GB.B MuxBit: 5,CLB GB.C MuxBit: 0,PIP  31G41,CLB GB.C MuxBit: 4,CLB GB.B MuxBit: 2,CLB GB.C MuxBit: 2,CLB GB.C MuxBit: 3,CLB GB.B MuxBit: 3,CLB GB.B MuxBit: 1,CLB GB.C MuxBit: 1,CLB GB.B MuxBit: 4,----- NOT USED -----,----- NOT USED -----,----- NOT USED -----,----- NOT USED -----,----- NOT USED -----,----- NOT USED -----,CLB GA.B MuxBit: 0,CLB GA.B MuxBit: 5,CLB GA.C MuxBit: 0,PIP  9G35,CLB GA.C MuxBit: 4,CLB GA.B MuxBit: 2,CLB GA.C MuxBit: 2,CLB GA.C MuxBit: 3,CLB GA.B MuxBit: 3,CLB GA.B MuxBit: 1,CLB GA.C MuxBit: 1,CLB GA.B MuxBit: 4,----- NOT USED -----,----- NOT USED -----,----- NOT USED -----
PIP  170G50,PIP  170G44,Magic @ 172G51 6 8,Magic @ 172G51 6 7,PIP  172G44,PIP  169G44,PIP  169G49,PIP  178G44,PIP  176G44,----- NOT USED -----,Magic @ 150G48 3 5,CLB FH.D MuxBit: 0,PIP  151G44,CLB GH.A MuxBit: 1,PIP  156G47,PIP  156G50,PIP  155G46,Magic @ 150G48 2 8,Magic @ 147G51 1 3,PIP  155G49,PIP  154G49,PIP  154G47,PIP  153G47,PIP  153G49,PIP  153G51,PIP  147G44,Magic @ 147G51 6 8,----- NOT USED -----,Magic @ 130G48 3 5,CLB FG.D MuxBit: 0,PIP  131G44,CLB GG.A MuxBit: 1,PIP  136G47,PIP  136G50,PIP  135G46,Magic @ 130G48 2 8,Magic @ 127G51 1 3,PIP  135G49,PIP  134G49,PIP  134G47,PIP  133G47,PIP  133G49,PIP  133G51,PIP  127G44,Magic @ 127G51 6 8,----- NOT USED -----,----- NOT USED -----,----- NOT USED -----,Magic @ 110G48 3 5,CLB FF.D MuxBit: 0,PIP  111G44,CLB GF.A MuxBit: 1,PIP  116G47,PIP  116G50,PIP  115G46,Magic @ 110G48 2 8,Magic @ 107G51 1 3,PIP  115G49,PIP  114G49,PIP  114G47,PIP  113G47,PIP  113G49,PIP  113G51,PIP  107G44,Magic @ 107G51 6 8,----- NOT USED -----,Magic @ 90G48 3 5,CLB FE.D MuxBit: 0,PIP  91G44,CLB GE.A MuxBit: 1,PIP  96G47,PIP  96G50,PIP  95G46,Magic @ 90G48 2 8,Magic @ 87G51 1 3,PIP  95G49,PIP  94G49,PIP  94G47,PIP  93G47,PIP  93G49,PIP  93G51,PIP  87G44,Magic @ 87G51 6 8,----- NOT USED -----,Magic @ 70G48 3 5,CLB FD.D MuxBit: 0,PIP  71G44,CLB GD.A MuxBit: 1,PIP  76G47,PIP  76G50,PIP  75G46,Magic @ 70G48 2 8,Magic @ 67G51 1 3,PIP  75G49,PIP  74G49,PIP  74G47,PIP  73G47,PIP  73G49,PIP  73G51,PIP  67G44,Magic @ 67G51 6 8,----- NOT USED -----,----- NOT USED -----,----- NOT USED -----,Magic @ 50G48 3 5,CLB FC.D MuxBit: 0,PIP  51G44,CLB GC.A MuxBit: 1,PIP  56G47,PIP  56G50,PIP  55G46,Magic @ 50G48 2 8,Magic @ 47G51 1 3,PIP  55G49,PIP  54G49,PIP  54G47,PIP  53G47,PIP  53G49,PIP  53G51,PIP  47G44,Magic @ 47G51 6 8,----- NOT USED -----,Magic @ 30G48 3 5,CLB FB.D MuxBit: 0,PIP  31G44,CLB GB.A MuxBit: 1,PIP  36G47,PIP  36G50,PIP  35G46,Magic @ 30G48 2 8,Magic @ 27G51 1 3,PIP  35G49,PIP  34G49,PIP  34G47,PIP  33G47,PIP  33G49,PIP  33G51,PIP  27G44,Magic @ 27G51 6 8,----- NOT USED -----,Magic @ 8G48 1 5,CLB FA.D MuxBit: 0,PIP  9G44,CLB GA.A MuxBit: 1,PIP  12G44,PIP  8G42,PIP  14G46,Magic @ 8G48 2 4,PIP  12G49,PIP  11G44,PIP  11G50,PIP  17G47,PIP  17G44,Magic @ 5G51 3 1,PIP  3G44,PIP  5G44,IOB P22.O MuxBit: 0,----- NOT USED -----,----- NOT USED -----,----- NOT USED -----
Magic @ 172G51 7 1,Magic @ 172G51 1 8,Magic @ 172G51 2 5,Magic @ 172G51 1 6,Magic @ 175G48 6 7,Magic @ 175G48 6 2,Magic @ 175G48 6 8,Magic @ 175G48 5 7,Magic @ 175G48 2 5,Magic @ 150G48 4 5,Magic @ 150G48 3 7,Magic @ 150G48 4 7,Magic @ 150G48 1 3,Magic @ 150G48 4 6,Magic @ 150G48 1 6,Magic @ 150G48 1 7,Magic @ 150G48 6 8,Magic @ 150G48 2 5,Magic @ 147G51 1 6,Magic @ 147G51 3 5,Magic @ 147G51 2 4,Magic @ 147G51 2 5,Magic @ 147G51 5 7,Magic @ 147G51 2 8,Magic @ 147G51 4 7,Magic @ 147G51 4 8,Magic @ 147G51 6 7,Magic @ 130G48 4 5,Magic @ 130G48 3 7,Magic @ 130G48 4 7,Magic @ 130G48 1 3,Magic @ 130G48 4 6,Magic @ 130G48 1 6,Magic @ 130G48 1 7,Magic @ 130G48 6 8,Magic @ 130G48 2 5,Magic @ 127G51 1 6,Magic @ 127G51 3 5,Magic @ 127G51 2 4,Magic @ 127G51 2 5,Magic @ 127G51 5 7,Magic @ 127G51 2 8,Magic @ 127G51 4 7,Magic @ 127G51 4 8,Magic @ 127G51 6 7,----- NOT USED -----,----- NOT USED -----,Magic @ 110G48 4 5,Magic @ 110G48 3 7,Magic @ 110G48 4 7,Magic @ 110G48 1 3,Magic @ 110G48 4 6,Magic @ 110G48 1 6,Magic @ 110G48 1 7,Magic @ 110G48 6 8,Magic @ 110G48 2 5,Magic @ 107G51 1 6,Magic @ 107G51 3 5,Magic @ 107G51 2 4,Magic @ 107G51 2 5,Magic @ 107G51 5 7,Magic @ 107G51 2 8,Magic @ 107G51 4 7,Magic @ 107G51 4 8,Magic @ 107G51 6 7,Magic @ 90G48 4 5,Magic @ 90G48 3 7,Magic @ 90G48 4 7,Magic @ 90G48 1 3,Magic @ 90G48 4 6,Magic @ 90G48 1 6,Magic @ 90G48 1 7,Magic @ 90G48 6 8,Magic @ 90G48 2 5,Magic @ 87G51 1 6,Magic @ 87G51 3 5,Magic @ 87G51 2 4,Magic @ 87G51 2 5,Magic @ 87G51 5 7,Magic @ 87G51 2 8,Magic @ 87G51 4 7,Magic @ 87G51 4 8,Magic @ 87G51 6 7,Magic @ 70G48 4 5,Magic @ 70G48 3 7,Magic @ 70G48 4 7,Magic @ 70G48 1 3,Magic @ 70G48 4 6,Magic @ 70G48 1 6,Magic @ 70G48 1 7,Magic @ 70G48 6 8,Magic @ 70G48 2 5,Magic @ 67G51 1 6,Magic @ 67G51 3 5,Magic @ 67G51 2 4,Magic @ 67G51 2 5,Magic @ 67G51 5 7,Magic @ 67G51 2 8,Magic @ 67G51 4 7,Magic @ 67G51 4 8,Magic @ 67G51 6 7,----- NOT USED -----,----- NOT USED -----,Magic @ 50G48 4 5,Magic @ 50G48 3 7,Magic @ 50G48 4 7,Magic @ 50G48 1 3,Magic @ 50G48 4 6,Magic @ 50G48 1 6,Magic @ 50G48 1 7,Magic @ 50G48 6 8,Magic @ 50G48 2 5,Magic @ 47G51 1 6,Magic @ 47G51 3 5,Magic @ 47G51 2 4,Magic @ 47G51 2 5,Magic @ 47G51 5 7,Magic @ 47G51 2 8,Magic @ 47G51 4 7,Magic @ 47G51 4 8,Magic @ 47G51 6 7,Magic @ 30G48 4 5,Magic @ 30G48 3 7,Magic @ 30G48 4 7,Magic @ 30G48 1 3,Magic @ 30G48 4 6,Magic @ 30G48 1 6,Magic @ 30G48 1 7,Magic @ 30G48 6 8,Magic @ 30G48 2 5,Magic @ 27G51 1 6,Magic @ 27G51 3 5,Magic @ 27G51 2 4,Magic @ 27G51 2 5,Magic @ 27G51 5 7,Magic @ 27G51 2 8,Magic @ 27G51 4 7,Magic @ 27G51 4 8,Magic @ 27G51 6 7,Magic @ 8G48 4 5,Magic @ 8G48 1 3,Magic @ 8G48 2 5,Magic @ 8G48 3 2,----- NOT USED -----,----- NOT USED -----,----- NOT USED -----,----- NOT USED -----,----- NOT USED -----,----- NOT USED -----,----- NOT USED -----,----- NOT USED -----,----- NOT USED -----,----- NOT USED -----,----- NOT USED -----,----- NOT USED -----,----- NOT USED -----,----- NOT USED -----,----- NOT USED -----,----- NOT USED -----,----- NOT USED -----
Magic @ 172G51 5 7,Magic @ 172G51 2 8,Magic @ 172G51 1 5,Magic @ 172G51 6 2,Magic @ 175G48 1 7,Magic @ 175G48 1 6,Magic @ 175G48 8 1,Magic @ 175G48 5 1,Magic @ 175G48 8 2,Magic @ 150G48 2 4,Magic @ 150G48 2 3,Magic @ 150G48 4 8,Magic @ 150G48 3 8,Magic @ 150G48 2 6,Magic @ 150G48 1 5,Magic @ 150G48 1 8,Magic @ 150G48 6 7,Magic @ 150G48 5 7,Magic @ 147G51 4 6,Magic @ 147G51 4 5,Magic @ 147G51 2 3,Magic @ 147G51 2 6,Magic @ 147G51 1 5,Magic @ 147G51 3 8,Magic @ 147G51 3 7,Magic @ 147G51 1 8,Magic @ 147G51 1 7,Magic @ 130G48 2 4,Magic @ 130G48 2 3,Magic @ 130G48 4 8,Magic @ 130G48 3 8,Magic @ 130G48 2 6,Magic @ 130G48 1 5,Magic @ 130G48 1 8,Magic @ 130G48 6 7,Magic @ 130G48 5 7,Magic @ 127G51 4 6,Magic @ 127G51 4 5,Magic @ 127G51 2 3,Magic @ 127G51 2 6,Magic @ 127G51 1 5,Magic @ 127G51 3 8,Magic @ 127G51 3 7,Magic @ 127G51 1 8,Magic @ 127G51 1 7,----- NOT USED -----,Bidi 125G49,Magic @ 110G48 2 4,Magic @ 110G48 2 3,Magic @ 110G48 4 8,Magic @ 110G48 3 8,Magic @ 110G48 2 6,Magic @ 110G48 1 5,Magic @ 110G48 1 8,Magic @ 110G48 6 7,Magic @ 110G48 5 7,Magic @ 107G51 4 6,Magic @ 107G51 4 5,Magic @ 107G51 2 3,Magic @ 107G51 2 6,Magic @ 107G51 1 5,Magic @ 107G51 3 8,Magic @ 107G51 3 7,Magic @ 107G51 1 8,Magic @ 107G51 1 7,Magic @ 90G48 2 4,Magic @ 90G48 2 3,Magic @ 90G48 4 8,Magic @ 90G48 3 8,Magic @ 90G48 2 6,Magic @ 90G48 1 5,Magic @ 90G48 1 8,Magic @ 90G48 6 7,Magic @ 90G48 5 7,Magic @ 87G51 4 6,Magic @ 87G51 4 5,Magic @ 87G51 2 3,Magic @ 87G51 2 6,Magic @ 87G51 1 5,Magic @ 87G51 3 8,Magic @ 87G51 3 7,Magic @ 87G51 1 8,Magic @ 87G51 1 7,Magic @ 70G48 2 4,Magic @ 70G48 2 3,Magic @ 70G48 4 8,Magic @ 70G48 3 8,Magic @ 70G48 2 6,Magic @ 70G48 1 5,Magic @ 70G48 1 8,Magic @ 70G48 6 7,Magic @ 70G48 5 7,Magic @ 67G51 4 6,Magic @ 67G51 4 5,Magic @ 67G51 2 3,Magic @ 67G51 2 6,Magic @ 67G51 1 5,Magic @ 67G51 3 8,Magic @ 67G51 3 7,Magic @ 67G51 1 8,Magic @ 67G51 1 7,----- NOT USED -----,Bidi 65G49,Magic @ 50G48 2 4,Magic @ 50G48 2 3,Magic @ 50G48 4 8,Magic @ 50G48 3 8,Magic @ 50G48 2 6,Magic @ 50G48 1 5,Magic @ 50G48 1 8,Magic @ 50G48 6 7,Magic @ 50G48 5 7,Magic @ 47G51 4 6,Magic @ 47G51 4 5,Magic @ 47G51 2 3,Magic @ 47G51 2 6,Magic @ 47G51 1 5,Magic @ 47G51 3 8,Magic @ 47G51 3 7,Magic @ 47G51 1 8,Magic @ 47G51 1 7,Magic @ 30G48 2 4,Magic @ 30G48 2 3,Magic @ 30G48 4 8,Magic @ 30G48 3 8,Magic @ 30G48 2 6,Magic @ 30G48 1 5,Magic @ 30G48 1 8,Magic @ 30G48 6 7,Magic @ 30G48 5 7,Magic @ 27G51 4 6,Magic @ 27G51 4 5,Magic @ 27G51 2 3,Magic @ 27G51 2 6,Magic @ 27G51 1 5,Magic @ 27G51 3 8,Magic @ 27G51 3 7,Magic @ 27G51 1 8,Magic @ 27G51 1 7,Magic @ 8G48 4 6,Magic @ 8G48 1 6,Magic @ 8G48 3 5,Magic @ 8G48 2 6,----- NOT USED -----,----- NOT USED -----,----- NOT USED -----,----- NOT USED -----,Magic @ 5G51 4 2,Magic @ 5G51 4 5,Magic @ 5G51 3 5,Magic @ 5G51 3 2,Magic @ 5G51 2 5,Magic @ 5G51 1 5,Magic @ 5G51 2 6,Magic @ 5G51 4 6,Magic @ 5G51 1 6,IOB P22.O MuxBit: 1,IOB P22.O MuxBit: 2,IOB P22.O MuxBit: 3,IOB P22.I PAD/Latched
----- NOT USED -----,Bidi 173G52,Bidi 175G52,----- NOT USED -----,----- NOT USED -----,----- NOT USED -----,----- NOT USED -----,----- NOT USED -----,Bidi 176G52,Bidi 151G52,----- NOT USED -----,----- NOT USED -----,----- NOT USED -----,----- NOT USED -----,----- NOT USED -----,Bidi 150G52,----- NOT USED -----,----- NOT USED -----,Bidi 148G52,----- NOT USED -----,Bidi 153G52,----- NOT USED -----,----- NOT USED -----,----- NOT USED -----,----- NOT USED -----,----- NOT USED -----,Bidi 147G52,Bidi 131G52,----- NOT USED -----,----- NOT USED -----,----- NOT USED -----,----- NOT USED -----,----- NOT USED -----,Bidi 130G52,----- NOT USED -----,----- NOT USED -----,Bidi 128G52,----- NOT USED -----,Bidi 133G52,----- NOT USED -----,----- NOT USED -----,----- NOT USED -----,----- NOT USED -----,----- NOT USED -----,Bidi 127G52,----- NOT USED -----,----- NOT USED -----,Bidi 111G52,----- NOT USED -----,----- NOT USED -----,----- NOT USED -----,----- NOT USED -----,----- NOT USED -----,Bidi 110G52,----- NOT USED -----,----- NOT USED -----,Bidi 108G52,----- NOT USED -----,Bidi 113G52,----- NOT USED -----,----- NOT USED -----,----- NOT USED -----,----- NOT USED -----,----- NOT USED -----,Bidi 107G52,Bidi 91G52,----- NOT USED -----,----- NOT USED -----,----- NOT USED -----,----- NOT USED -----,----- NOT USED -----,Bidi 90G52,----- NOT USED -----,----- NOT USED -----,Bidi 88G52,----- NOT USED -----,Bidi 93G52,----- NOT USED -----,----- NOT USED -----,----- NOT USED -----,----- NOT USED -----,----- NOT USED -----,Bidi 87G52,Bidi 71G52,----- NOT USED -----,----- NOT USED -----,----- NOT USED -----,----- NOT USED -----,----- NOT USED -----,Bidi 70G52,----- NOT USED -----,----- NOT USED -----,Bidi 68G52,----- NOT USED -----,Bidi 73G52,----- NOT USED -----,----- NOT USED -----,----- NOT USED -----,----- NOT USED -----,----- NOT USED -----,Bidi 67G52,----- NOT USED -----,----- NOT USED -----,Bidi 51G52,----- NOT USED -----,----- NOT USED -----,----- NOT USED -----,----- NOT USED -----,----- NOT USED -----,Bidi 50G52,----- NOT USED -----,----- NOT USED -----,Bidi 48G52,----- NOT USED -----,Bidi 53G52,----- NOT USED -----,----- NOT USED -----,----- NOT USED -----,----- NOT USED -----,----- NOT USED -----,Bidi 47G52,Bidi 31G52,----- NOT USED -----,----- NOT USED -----,----- NOT USED -----,----- NOT USED -----,----- NOT USED -----,Bidi 30G52,----- NOT USED -----,----- NOT USED -----,Bidi 28G52,----- NOT USED -----,Bidi 33G52,----- NOT USED -----,----- NOT USED -----,----- NOT USED -----,----- NOT USED -----,----- NOT USED -----,Bidi 27G52,Bidi 9G52,----- NOT USED -----,----- NOT USED -----,----- NOT USED -----,----- NOT USED -----,----- NOT USED -----,Bidi 8G52,----- NOT USED -----,----- NOT USED -----,Bidi 6G52,----- NOT USED -----,----- NOT USED -----,----- NOT USED -----,----- NOT USED -----,----- NOT USED -----,----- NOT USED -----,----- NOT USED -----,Bidi 5G52,----- NOT USED -----,----- NOT USED -----,----- NOT USED -----
Bidi 172G52,----- NOT USED -----,IOB P49.I PAD/Latched,IOB P50.T MuxBit: 1,IOB P49,IOB P49.T MuxBit: 1,IOB P49.O MuxBit: 0,IOB P49.O MuxBit: 1,IOB P49.O MuxBit: 2,CLB FH Logic Table: 2 Bit: 1,CLB FH Logic Table: 2 Bit: 0,CLB FH Logic Table: 2 Bit: 2,CLB FH Logic Table: 2 Bit: 3,CLB FH Logic Table: 2 Bit: 5,CLB FH Logic Table: 2 Bit: 4,CLB FH Logic Table: 2 Bit: 6,CLB FH Logic Table: 2 Bit: 7,CLB FH BASE FG,----- NOT USED -----,CLB FH Logic Table: 1 Bit: 7,CLB FH Logic Table: 1 Bit: 6,CLB FH Logic Table: 1 Bit: 4,CLB FH Logic Table: 1 Bit: 5,CLB FH Logic Table: 1 Bit: 3,CLB FH Logic Table: 1 Bit: 2,CLB FH Logic Table: 1 Bit: 0,CLB FH Logic Table: 1 Bit: 1,CLB FG Logic Table: 2 Bit: 1,CLB FG Logic Table: 2 Bit: 0,CLB FG Logic Table: 2 Bit: 2,CLB FG Logic Table: 2 Bit: 3,CLB FG Logic Table: 2 Bit: 5,CLB FG Logic Table: 2 Bit: 4,CLB FG Logic Table: 2 Bit: 6,CLB FG Logic Table: 2 Bit: 7,CLB FG BASE FG,----- NOT USED -----,CLB FG Logic Table: 1 Bit: 7,CLB FG Logic Table: 1 Bit: 6,CLB FG Logic Table: 1 Bit: 4,CLB FG Logic Table: 1 Bit: 5,CLB FG Logic Table: 1 Bit: 3,CLB FG Logic Table: 1 Bit: 2,CLB FG Logic Table: 1 Bit: 0,CLB FG Logic Table: 1 Bit: 1,Bidi 125G66,----- NOT USED -----,CLB FF Logic Table: 2 Bit: 1,CLB FF Logic Table: 2 Bit: 0,CLB FF Logic Table: 2 Bit: 2,CLB FF Logic Table: 2 Bit: 3,CLB FF Logic Table: 2 Bit: 5,CLB FF Logic Table: 2 Bit: 4,CLB FF Logic Table: 2 Bit: 6,CLB FF Logic Table: 2 Bit: 7,CLB FF BASE FG,----- NOT USED -----,CLB FF Logic Table: 1 Bit: 7,CLB FF Logic Table: 1 Bit: 6,CLB FF Logic Table: 1 Bit: 4,CLB FF Logic Table: 1 Bit: 5,CLB FF Logic Table: 1 Bit: 3,CLB FF Logic Table: 1 Bit: 2,CLB FF Logic Table: 1 Bit: 0,CLB FF Logic Table: 1 Bit: 1,CLB FE Logic Table: 2 Bit: 1,CLB FE Logic Table: 2 Bit: 0,CLB FE Logic Table: 2 Bit: 2,CLB FE Logic Table: 2 Bit: 3,CLB FE Logic Table: 2 Bit: 5,CLB FE Logic Table: 2 Bit: 4,CLB FE Logic Table: 2 Bit: 6,CLB FE Logic Table: 2 Bit: 7,CLB FE BASE FG,----- NOT USED -----,CLB FE Logic Table: 1 Bit: 7,CLB FE Logic Table: 1 Bit: 6,CLB FE Logic Table: 1 Bit: 4,CLB FE Logic Table: 1 Bit: 5,CLB FE Logic Table: 1 Bit: 3,CLB FE Logic Table: 1 Bit: 2,CLB FE Logic Table: 1 Bit: 0,CLB FE Logic Table: 1 Bit: 1,CLB FD Logic Table: 2 Bit: 1,CLB FD Logic Table: 2 Bit: 0,CLB FD Logic Table: 2 Bit: 2,CLB FD Logic Table: 2 Bit: 3,CLB FD Logic Table: 2 Bit: 5,CLB FD Logic Table: 2 Bit: 4,CLB FD Logic Table: 2 Bit: 6,CLB FD Logic Table: 2 Bit: 7,CLB FD BASE FG,----- NOT USED -----,CLB FD Logic Table: 1 Bit: 7,CLB FD Logic Table: 1 Bit: 6,CLB FD Logic Table: 1 Bit: 4,CLB FD Logic Table: 1 Bit: 5,CLB FD Logic Table: 1 Bit: 3,CLB FD Logic Table: 1 Bit: 2,CLB FD Logic Table: 1 Bit: 0,CLB FD Logic Table: 1 Bit: 1,Bidi 65G66,----- NOT USED -----,CLB FC Logic Table: 2 Bit: 1,CLB FC Logic Table: 2 Bit: 0,CLB FC Logic Table: 2 Bit: 2,CLB FC Logic Table: 2 Bit: 3,CLB FC Logic Table: 2 Bit: 5,CLB FC Logic Table: 2 Bit: 4,CLB FC Logic Table: 2 Bit: 6,CLB FC Logic Table: 2 Bit: 7,CLB FC BASE FG,----- NOT USED -----,CLB FC Logic Table: 1 Bit: 7,CLB FC Logic Table: 1 Bit: 6,CLB FC Logic Table: 1 Bit: 4,CLB FC Logic Table: 1 Bit: 5,CLB FC Logic Table: 1 Bit: 3,CLB FC Logic Table: 1 Bit: 2,CLB FC Logic Table: 1 Bit: 0,CLB FC Logic Table: 1 Bit: 1,CLB FB Logic Table: 2 Bit: 1,CLB FB Logic Table: 2 Bit: 0,CLB FB Logic Table: 2 Bit: 2,CLB FB Logic Table: 2 Bit: 3,CLB FB Logic Table: 2 Bit: 5,CLB FB Logic Table: 2 Bit: 4,CLB FB Logic Table: 2 Bit: 6,CLB FB Logic Table: 2 Bit: 7,CLB FB BASE FG,----- NOT USED -----,CLB FB Logic Table: 1 Bit: 7,CLB FB Logic Table: 1 Bit: 6,CLB FB Logic Table: 1 Bit: 4,CLB FB Logic Table: 1 Bit: 5,CLB FB Logic Table: 1 Bit: 3,CLB FB Logic Table: 1 Bit: 2,CLB FB Logic Table: 1 Bit: 0,CLB FB Logic Table: 1 Bit: 1,CLB FA Logic Table: 2 Bit: 1,CLB FA Logic Table: 2 Bit: 0,CLB FA Logic Table: 2 Bit: 2,CLB FA Logic Table: 2 Bit: 3,CLB FA Logic Table: 2 Bit: 5,CLB FA Logic Table: 2 Bit: 4,CLB FA Logic Table: 2 Bit: 6,CLB FA Logic Table: 2 Bit: 7,CLB FA BASE FG,----- NOT USED -----,CLB FA Logic Table: 1 Bit: 7,CLB FA Logic Table: 1 Bit: 6,CLB FA Logic Table: 1 Bit: 4,CLB FA Logic Table: 1 Bit: 5,CLB FA Logic Table: 1 Bit: 3,CLB FA Logic Table: 1 Bit: 2,CLB FA Logic Table: 1 Bit: 0,CLB FA Logic Table: 1 Bit: 1,IOB P21.O MuxBit: 0,IOB P21.I PAD/Latched,----- NOT USED -----
IOB P50.I PAD/Latched,IOB P50,IOB P50.T MuxBit: 2,PIP  172G54,PIP  169G54,PIP  175G54,IOB P49.O MuxBit: 3,IOB P49.O MuxBit: 4,----- NOT USED -----,CLB FH Logic Table: 2 Mux C/D/Q Bit: 1,CLB FH Logic Table: 2 Mux C/D/Q Bit: 0,----- NOT USED -----,----- NOT USED -----,----- NOT USED -----,CLB FH Logic Table: 2 Mux B/C,CLB FH Logic Table: 2 Mux A/B,----- NOT USED -----,----- NOT USED -----,----- NOT USED -----,CLB FH Logic Table: 1 Mux A/B,CLB FH Logic Table: 1 Mux B/C,----- NOT USED -----,----- NOT USED -----,----- NOT USED -----,----- NOT USED -----,CLB FH Logic Table: 1 Mux C/D/Q Bit: 0,CLB FH Logic Table: 1 Mux C/D/Q Bit: 1,CLB FG Logic Table: 2 Mux C/D/Q Bit: 1,CLB FG Logic Table: 2 Mux C/D/Q Bit: 0,----- NOT USED -----,----- NOT USED -----,----- NOT USED -----,CLB FG Logic Table: 2 Mux B/C,CLB FG Logic Table: 2 Mux A/B,----- NOT USED -----,----- NOT USED -----,----- NOT USED -----,CLB FG Logic Table: 1 Mux A/B,CLB FG Logic Table: 1 Mux B/C,----- NOT USED -----,----- NOT USED -----,----- NOT USED -----,----- NOT USED -----,CLB FG Logic Table: 1 Mux C/D/Q Bit: 0,CLB FG Logic Table: 1 Mux C/D/Q Bit: 1,----- NOT USED -----,----- NOT USED -----,CLB FF Logic Table: 2 Mux C/D/Q Bit: 1,CLB FF Logic Table: 2 Mux C/D/Q Bit: 0,----- NOT USED -----,----- NOT USED -----,----- NOT USED -----,CLB FF Logic Table: 2 Mux B/C,CLB FF Logic Table: 2 Mux A/B,----- NOT USED -----,----- NOT USED -----,----- NOT USED -----,CLB FF Logic Table: 1 Mux A/B,CLB FF Logic Table: 1 Mux B/C,----- NOT USED -----,----- NOT USED -----,----- NOT USED -----,----- NOT USED -----,CLB FF Logic Table: 1 Mux C/D/Q Bit: 0,CLB FF Logic Table: 1 Mux C/D/Q Bit: 1,CLB FE Logic Table: 2 Mux C/D/Q Bit: 1,CLB FE Logic Table: 2 Mux C/D/Q Bit: 0,----- NOT USED -----,----- NOT USED -----,----- NOT USED -----,CLB FE Logic Table: 2 Mux B/C,CLB FE Logic Table: 2 Mux A/B,----- NOT USED -----,----- NOT USED -----,----- NOT USED -----,CLB FE Logic Table: 1 Mux A/B,CLB FE Logic Table: 1 Mux B/C,----- NOT USED -----,----- NOT USED -----,----- NOT USED -----,----- NOT USED -----,CLB FE Logic Table: 1 Mux C/D/Q Bit: 0,CLB FE Logic Table: 1 Mux C/D/Q Bit: 1,CLB FD Logic Table: 2 Mux C/D/Q Bit: 1,CLB FD Logic Table: 2 Mux C/D/Q Bit: 0,----- NOT USED -----,----- NOT USED -----,----- NOT USED -----,CLB FD Logic Table: 2 Mux B/C,CLB FD Logic Table: 2 Mux A/B,----- NOT USED -----,----- NOT USED -----,----- NOT USED -----,CLB FD Logic Table: 1 Mux A/B,CLB FD Logic Table: 1 Mux B/C,----- NOT USED -----,----- NOT USED -----,----- NOT USED -----,----- NOT USED -----,CLB FD Logic Table: 1 Mux C/D/Q Bit: 0,CLB FD Logic Table: 1 Mux C/D/Q Bit: 1,----- NOT USED -----,----- NOT USED -----,CLB FC Logic Table: 2 Mux C/D/Q Bit: 1,CLB FC Logic Table: 2 Mux C/D/Q Bit: 0,----- NOT USED -----,----- NOT USED -----,----- NOT USED -----,CLB FC Logic Table: 2 Mux B/C,CLB FC Logic Table: 2 Mux A/B,----- NOT USED -----,----- NOT USED -----,----- NOT USED -----,CLB FC Logic Table: 1 Mux A/B,CLB FC Logic Table: 1 Mux B/C,----- NOT USED -----,----- NOT USED -----,----- NOT USED -----,----- NOT USED -----,CLB FC Logic Table: 1 Mux C/D/Q Bit: 0,CLB FC Logic Table: 1 Mux C/D/Q Bit: 1,CLB FB Logic Table: 2 Mux C/D/Q Bit: 1,CLB FB Logic Table: 2 Mux C/D/Q Bit: 0,----- NOT USED -----,----- NOT USED -----,----- NOT USED -----,CLB FB Logic Table: 2 Mux B/C,CLB FB Logic Table: 2 Mux A/B,----- NOT USED -----,----- NOT USED -----,----- NOT USED -----,CLB FB Logic Table: 1 Mux A/B,CLB FB Logic Table: 1 Mux B/C,----- NOT USED -----,----- NOT USED -----,----- NOT USED -----,----- NOT USED -----,CLB FB Logic Table: 1 Mux C/D/Q Bit: 0,CLB FB Logic Table: 1 Mux C/D/Q Bit: 1,CLB FA Logic Table: 2 Mux C/D/Q Bit: 1,CLB FA Logic Table: 2 Mux C/D/Q Bit: 0,----- NOT USED -----,----- NOT USED -----,----- NOT USED -----,CLB FA Logic Table: 2 Mux B/C,CLB FA Logic Table: 2 Mux A/B,----- NOT USED -----,----- NOT USED -----,----- NOT USED -----,CLB FA Logic Table: 1 Mux A/B,CLB FA Logic Table: 1 Mux B/C,----- NOT USED -----,----- NOT USED -----,----- NOT USED -----,----- NOT USED -----,CLB FA Logic Table: 1 Mux C/D/Q Bit: 0,CLB FA Logic Table: 1 Mux C/D/Q Bit: 1,IOB P21.O MuxBit: 3,IOB P21.O MuxBit: 2,IOB P21.O MuxBit: 1
IOB P50.O MuxBit: 1,IOB P50.O MuxBit: 2,IOB P50.O MuxBit: 4,IOB P50.O MuxBit: 3,----- NOT USED -----,IOB P49.T MuxBit: 2,PIP  168G63,PIP  178G54,----- NOT USED -----,----- NOT USED -----,----- NOT USED -----,----- NOT USED -----,----- NOT USED -----,CLB FH.Y F/M or Q,CLB FH.Y G,CLB FH.X G,CLB FH.X F/M or Q,CLB FH Select Latch/FF,----- NOT USED -----,----- NOT USED -----,----- NOT USED -----,----- NOT USED -----,----- NOT USED -----,CLB FH Set A/F,CLB FH Set-Enable,CLB FH Reset-Enable,CLB FH Reset D/G,----- NOT USED -----,----- NOT USED -----,----- NOT USED -----,----- NOT USED -----,CLB FG.Y F/M or Q,CLB FG.Y G,CLB FG.X G,CLB FG.X F/M or Q,CLB FG Select Latch/FF,----- NOT USED -----,----- NOT USED -----,----- NOT USED -----,----- NOT USED -----,----- NOT USED -----,CLB FG Set A/F,CLB FG Set-Enable,CLB FG Reset-Enable,CLB FG Reset D/G,----- NOT USED -----,----- NOT USED -----,----- NOT USED -----,----- NOT USED -----,----- NOT USED -----,----- NOT USED -----,CLB FF.Y F/M or Q,CLB FF.Y G,CLB FF.X G,CLB FF.X F/M or Q,CLB FF Select Latch/FF,----- NOT USED -----,----- NOT USED -----,----- NOT USED -----,----- NOT USED -----,----- NOT USED -----,CLB FF Set A/F,CLB FF Set-Enable,CLB FF Reset-Enable,CLB FF Reset D/G,----- NOT USED -----,----- NOT USED -----,----- NOT USED -----,----- NOT USED -----,CLB FE.Y F/M or Q,CLB FE.Y G,CLB FE.X G,CLB FE.X F/M or Q,CLB FE Select Latch/FF,----- NOT USED -----,----- NOT USED -----,----- NOT USED -----,----- NOT USED -----,----- NOT USED -----,CLB FE Set A/F,CLB FE Set-Enable,CLB FE Reset-Enable,CLB FE Reset D/G,----- NOT USED -----,----- NOT USED -----,----- NOT USED -----,----- NOT USED -----,CLB FD.Y F/M or Q,CLB FD.Y G,CLB FD.X G,CLB FD.X F/M or Q,CLB FD Select Latch/FF,----- NOT USED -----,----- NOT USED -----,----- NOT USED -----,----- NOT USED -----,----- NOT USED -----,CLB FD Set A/F,CLB FD Set-Enable,CLB FD Reset-Enable,CLB FD Reset D/G,----- NOT USED -----,----- NOT USED -----,----- NOT USED -----,----- NOT USED -----,----- NOT USED -----,----- NOT USED -----,CLB FC.Y F/M or Q,CLB FC.Y G,CLB FC.X G,CLB FC.X F/M or Q,CLB FC Select Latch/FF,----- NOT USED -----,----- NOT USED -----,----- NOT USED -----,----- NOT USED -----,----- NOT USED -----,CLB FC Set A/F,CLB FC Set-Enable,CLB FC Reset-Enable,CLB FC Reset D/G,----- NOT USED -----,----- NOT USED -----,----- NOT USED -----,----- NOT USED -----,CLB FB.Y F/M or Q,CLB FB.Y G,CLB FB.X G,CLB FB.X F/M or Q,CLB FB Select Latch/FF,----- NOT USED -----,----- NOT USED -----,----- NOT USED -----,----- NOT USED -----,----- NOT USED -----,CLB FB Set A/F,CLB FB Set-Enable,CLB FB Reset-Enable,CLB FB Reset D/G,----- NOT USED -----,----- NOT USED -----,----- NOT USED -----,----- NOT USED -----,CLB FA.Y F/M or Q,CLB FA.Y G,CLB FA.X G,CLB FA.X F/M or Q,CLB FA Select Latch/FF,----- NOT USED -----,----- NOT USED -----,----- NOT USED -----,----- NOT USED -----,----- NOT USED -----,CLB FA Set A/F,CLB FA Set-Enable,CLB FA Reset-Enable,CLB FA Reset D/G,IOB P21.T MuxBit: 2,IOB P21.T MuxBit: 1,IOB P21.T MuxBit: 0
----- NOT USED -----,IOB P50.O MuxBit: 0,PIP  170G59,PIP  173G59,PIP  172G56,PIP  169G56,PIP  175G56,PIP  178G56,PIP  176G59,CLB EH.D MuxBit: 3,CLB FH.A MuxBit: 3,CLB FH.A MuxBit: 0,CLB FH.A MuxBit: 2,CLB EH.D MuxBit: 2,CLB EH.D MuxBit: 1,PIP  150G56,PIP  156G56,PIP  155G60,----- NOT USED -----,PIP  148G60,CLB FH CLK enable,CLB FH CLK Invert,CLB FH,CLB FH.K MuxBit: 0,CLB FH.K MuxBit: 1,PIP  153G56,PIP  147G56,CLB EG.D MuxBit: 3,CLB FG.A MuxBit: 3,CLB FG.A MuxBit: 0,CLB FG.A MuxBit: 2,CLB EG.D MuxBit: 2,CLB EG.D MuxBit: 1,PIP  130G56,PIP  136G56,PIP  135G60,----- NOT USED -----,PIP  128G60,CLB FG CLK enable,CLB FG CLK Invert,CLB FG,CLB FG.K MuxBit: 0,CLB FG.K MuxBit: 1,PIP  133G56,PIP  127G56,Bidi 125G65,Bidi 125G69,CLB EF.D MuxBit: 3,CLB FF.A MuxBit: 3,CLB FF.A MuxBit: 0,CLB FF.A MuxBit: 2,CLB EF.D MuxBit: 2,CLB EF.D MuxBit: 1,PIP  110G56,PIP  116G56,PIP  115G60,----- NOT USED -----,PIP  108G60,CLB FF CLK enable,CLB FF CLK Invert,CLB FF,CLB FF.K MuxBit: 0,CLB FF.K MuxBit: 1,PIP  113G56,PIP  107G56,CLB EE.D MuxBit: 3,CLB FE.A MuxBit: 3,CLB FE.A MuxBit: 0,CLB FE.A MuxBit: 2,CLB EE.D MuxBit: 2,CLB EE.D MuxBit: 1,PIP  90G56,PIP  96G56,PIP  95G60,----- NOT USED -----,PIP  88G60,CLB FE CLK enable,CLB FE CLK Invert,CLB FE,CLB FE.K MuxBit: 0,CLB FE.K MuxBit: 1,PIP  93G56,PIP  87G56,CLB ED.D MuxBit: 3,CLB FD.A MuxBit: 3,CLB FD.A MuxBit: 0,CLB FD.A MuxBit: 2,CLB ED.D MuxBit: 2,CLB ED.D MuxBit: 1,PIP  70G56,PIP  76G56,PIP  75G60,----- NOT USED -----,PIP  68G60,CLB FD CLK enable,CLB FD CLK Invert,CLB FD,CLB FD.K MuxBit: 0,CLB FD.K MuxBit: 1,PIP  73G56,PIP  67G56,Bidi 65G65,Bidi 65G69,CLB EC.D MuxBit: 3,CLB FC.A MuxBit: 3,CLB FC.A MuxBit: 0,CLB FC.A MuxBit: 2,CLB EC.D MuxBit: 2,CLB EC.D MuxBit: 1,PIP  50G56,PIP  56G56,PIP  55G60,----- NOT USED -----,PIP  48G60,CLB FC CLK enable,CLB FC CLK Invert,CLB FC,CLB FC.K MuxBit: 0,CLB FC.K MuxBit: 1,PIP  53G56,PIP  47G56,CLB EB.D MuxBit: 3,CLB FB.A MuxBit: 3,CLB FB.A MuxBit: 0,CLB FB.A MuxBit: 2,CLB EB.D MuxBit: 2,CLB EB.D MuxBit: 1,PIP  30G56,PIP  36G56,PIP  35G60,----- NOT USED -----,PIP  28G60,CLB FB CLK enable,CLB FB CLK Invert,CLB FB,CLB FB.K MuxBit: 0,CLB FB.K MuxBit: 1,PIP  33G56,PIP  27G56,CLB EA.D MuxBit: 3,CLB FA.A MuxBit: 3,CLB FA.A MuxBit: 0,CLB FA.A MuxBit: 2,CLB EA.D MuxBit: 2,CLB EA.D MuxBit: 1,----- NOT USED -----,PIP  12G54,PIP  11G61,----- NOT USED -----,PIP  6G54,CLB FA CLK enable,CLB FA CLK Invert,CLB FA,CLB FA.K MuxBit: 0,CLB FA.K MuxBit: 1,PIP  3G61,PIP  5G61,IOB P20.T MuxBit: 2,IOB P20.T MuxBit: 1,IOB P20.T MuxBit: 0
PIP  170G61,PIP  168G69,PIP  173G61,PIP  165G68,PIP  165G65,PIP  169G65,PIP  170G66,PIP  168G66,PIP  176G61,----- NOT USED -----,----- NOT USED -----,----- NOT USED -----,----- NOT USED -----,----- NOT USED -----,----- NOT USED -----,CLB FH.B MuxBit: 0,CLB FH.B MuxBit: 5,CLB FH.C MuxBit: 0,PIP  151G60,CLB FH.C MuxBit: 4,CLB FH.B MuxBit: 2,CLB FH.C MuxBit: 2,CLB FH.C MuxBit: 3,CLB FH.B MuxBit: 3,CLB FH.B MuxBit: 1,CLB FH.C MuxBit: 1,CLB FH.B MuxBit: 4,----- NOT USED -----,----- NOT USED -----,----- NOT USED -----,----- NOT USED -----,----- NOT USED -----,----- NOT USED -----,CLB FG.B MuxBit: 0,CLB FG.B MuxBit: 5,CLB FG.C MuxBit: 0,PIP  131G60,CLB FG.C MuxBit: 4,CLB FG.B MuxBit: 2,CLB FG.C MuxBit: 2,CLB FG.C MuxBit: 3,CLB FG.B MuxBit: 3,CLB FG.B MuxBit: 1,CLB FG.C MuxBit: 1,CLB FG.B MuxBit: 4,----- NOT USED -----,----- NOT USED -----,----- NOT USED -----,----- NOT USED -----,----- NOT USED -----,----- NOT USED -----,----- NOT USED -----,----- NOT USED -----,CLB FF.B MuxBit: 0,CLB FF.B MuxBit: 5,CLB FF.C MuxBit: 0,PIP  111G60,CLB FF.C MuxBit: 4,CLB FF.B MuxBit: 2,CLB FF.C MuxBit: 2,CLB FF.C MuxBit: 3,CLB FF.B MuxBit: 3,CLB FF.B MuxBit: 1,CLB FF.C MuxBit: 1,CLB FF.B MuxBit: 4,----- NOT USED -----,----- NOT USED -----,----- NOT USED -----,----- NOT USED -----,----- NOT USED -----,----- NOT USED -----,CLB FE.B MuxBit: 0,CLB FE.B MuxBit: 5,CLB FE.C MuxBit: 0,PIP  91G60,CLB FE.C MuxBit: 4,CLB FE.B MuxBit: 2,CLB FE.C MuxBit: 2,CLB FE.C MuxBit: 3,CLB FE.B MuxBit: 3,CLB FE.B MuxBit: 1,CLB FE.C MuxBit: 1,CLB FE.B MuxBit: 4,----- NOT USED -----,----- NOT USED -----,----- NOT USED -----,----- NOT USED -----,----- NOT USED -----,----- NOT USED -----,CLB FD.B MuxBit: 0,CLB FD.B MuxBit: 5,CLB FD.C MuxBit: 0,PIP  71G60,CLB FD.C MuxBit: 4,CLB FD.B MuxBit: 2,CLB FD.C MuxBit: 2,CLB FD.C MuxBit: 3,CLB FD.B MuxBit: 3,CLB FD.B MuxBit: 1,CLB FD.C MuxBit: 1,CLB FD.B MuxBit: 4,----- NOT USED -----,----- NOT USED -----,----- NOT USED -----,----- NOT USED -----,----- NOT USED -----,----- NOT USED -----,----- NOT USED -----,----- NOT USED -----,CLB FC.B MuxBit: 0,CLB FC.B MuxBit: 5,CLB FC.C MuxBit: 0,PIP  51G60,CLB FC.C MuxBit: 4,CLB FC.B MuxBit: 2,CLB FC.C MuxBit: 2,CLB FC.C MuxBit: 3,CLB FC.B MuxBit: 3,CLB FC.B MuxBit: 1,CLB FC.C MuxBit: 1,CLB FC.B MuxBit: 4,----- NOT USED -----,----- NOT USED -----,----- NOT USED -----,----- NOT USED -----,----- NOT USED -----,----- NOT USED -----,CLB FB.B MuxBit: 0,CLB FB.B MuxBit: 5,CLB FB.C MuxBit: 0,PIP  31G60,CLB FB.C MuxBit: 4,CLB FB.B MuxBit: 2,CLB FB.C MuxBit: 2,CLB FB.C MuxBit: 3,CLB FB.B MuxBit: 3,CLB FB.B MuxBit: 1,CLB FB.C MuxBit: 1,CLB FB.B MuxBit: 4,----- NOT USED -----,----- NOT USED -----,----- NOT USED -----,----- NOT USED -----,----- NOT USED -----,----- NOT USED -----,CLB FA.B MuxBit: 0,CLB FA.B MuxBit: 5,CLB FA.C MuxBit: 0,PIP  9G54,CLB FA.C MuxBit: 4,CLB FA.B MuxBit: 2,CLB FA.C MuxBit: 2,CLB FA.C MuxBit: 3,CLB FA.B MuxBit: 3,CLB FA.B MuxBit: 1,CLB FA.C MuxBit: 1,CLB FA.B MuxBit: 4,----- NOT USED -----,----- NOT USED -----,----- NOT USED -----
PIP  170G69,PIP  170G63,Magic @ 172G70 6 8,Magic @ 172G70 6 7,PIP  172G63,PIP  169G63,PIP  169G68,PIP  178G63,PIP  176G63,----- NOT USED -----,Magic @ 150G67 3 5,CLB EH.D MuxBit: 0,PIP  151G63,CLB FH.A MuxBit: 1,PIP  156G66,PIP  156G69,PIP  155G65,Magic @ 150G67 2 8,Magic @ 147G70 1 3,PIP  155G68,PIP  154G68,PIP  154G66,PIP  153G66,PIP  153G68,PIP  153G70,PIP  147G63,Magic @ 147G70 6 8,----- NOT USED -----,Magic @ 130G67 3 5,CLB EG.D MuxBit: 0,PIP  131G63,CLB FG.A MuxBit: 1,PIP  136G66,PIP  136G69,PIP  135G65,Magic @ 130G67 2 8,Magic @ 127G70 1 3,PIP  135G68,PIP  134G68,PIP  134G66,PIP  133G66,PIP  133G68,PIP  133G70,PIP  127G63,Magic @ 127G70 6 8,----- NOT USED -----,----- NOT USED -----,----- NOT USED -----,Magic @ 110G67 3 5,CLB EF.D MuxBit: 0,PIP  111G63,CLB FF.A MuxBit: 1,PIP  116G66,PIP  116G69,PIP  115G65,Magic @ 110G67 2 8,Magic @ 107G70 1 3,PIP  115G68,PIP  114G68,PIP  114G66,PIP  113G66,PIP  113G68,PIP  113G70,PIP  107G63,Magic @ 107G70 6 8,----- NOT USED -----,Magic @ 90G67 3 5,CLB EE.D MuxBit: 0,PIP  91G63,CLB FE.A MuxBit: 1,PIP  96G66,PIP  96G69,PIP  95G65,Magic @ 90G67 2 8,Magic @ 87G70 1 3,PIP  95G68,PIP  94G68,PIP  94G66,PIP  93G66,PIP  93G68,PIP  93G70,PIP  87G63,Magic @ 87G70 6 8,----- NOT USED -----,Magic @ 70G67 3 5,CLB ED.D MuxBit: 0,PIP  71G63,CLB FD.A MuxBit: 1,PIP  76G66,PIP  76G69,PIP  75G65,Magic @ 70G67 2 8,Magic @ 67G70 1 3,PIP  75G68,PIP  74G68,PIP  74G66,PIP  73G66,PIP  73G68,PIP  73G70,PIP  67G63,Magic @ 67G70 6 8,----- NOT USED -----,----- NOT USED -----,----- NOT USED -----,Magic @ 50G67 3 5,CLB EC.D MuxBit: 0,PIP  51G63,CLB FC.A MuxBit: 1,PIP  56G66,PIP  56G69,PIP  55G65,Magic @ 50G67 2 8,Magic @ 47G70 1 3,PIP  55G68,PIP  54G68,PIP  54G66,PIP  53G66,PIP  53G68,PIP  53G70,PIP  47G63,Magic @ 47G70 6 8,----- NOT USED -----,Magic @ 30G67 3 5,CLB EB.D MuxBit: 0,PIP  31G63,CLB FB.A MuxBit: 1,PIP  36G66,PIP  36G69,PIP  35G65,Magic @ 30G67 2 8,Magic @ 27G70 1 3,PIP  35G68,PIP  34G68,PIP  34G66,PIP  33G66,PIP  33G68,PIP  33G70,PIP  27G63,Magic @ 27G70 6 8,----- NOT USED -----,Magic @ 8G67 1 5,CLB EA.D MuxBit: 0,PIP  9G63,CLB FA.A MuxBit: 1,PIP  12G63,PIP  8G61,PIP  14G65,Magic @ 8G67 2 4,PIP  12G68,PIP  11G63,PIP  11G69,PIP  17G66,PIP  17G63,Magic @ 5G70 3 1,PIP  3G63,PIP  5G63,IOB P20.O MuxBit: 0,----- NOT USED -----,----- NOT USED -----,----- NOT USED -----
Magic @ 172G70 7 1,Magic @ 172G70 1 8,Magic @ 172G70 2 5,Magic @ 172G70 1 6,Magic @ 175G67 6 7,Magic @ 175G67 6 2,Magic @ 175G67 6 8,Magic @ 175G67 5 7,Magic @ 175G67 2 5,Magic @ 150G67 4 5,Magic @ 150G67 3 7,Magic @ 150G67 4 7,Magic @ 150G67 1 3,Magic @ 150G67 4 6,Magic @ 150G67 1 6,Magic @ 150G67 1 7,Magic @ 150G67 6 8,Magic @ 150G67 2 5,Magic @ 147G70 1 6,Magic @ 147G70 3 5,Magic @ 147G70 2 4,Magic @ 147G70 2 5,Magic @ 147G70 5 7,Magic @ 147G70 2 8,Magic @ 147G70 4 7,Magic @ 147G70 4 8,Magic @ 147G70 6 7,Magic @ 130G67 4 5,Magic @ 130G67 3 7,Magic @ 130G67 4 7,Magic @ 130G67 1 3,Magic @ 130G67 4 6,Magic @ 130G67 1 6,Magic @ 130G67 1 7,Magic @ 130G67 6 8,Magic @ 130G67 2 5,Magic @ 127G70 1 6,Magic @ 127G70 3 5,Magic @ 127G70 2 4,Magic @ 127G70 2 5,Magic @ 127G70 5 7,Magic @ 127G70 2 8,Magic @ 127G70 4 7,Magic @ 127G70 4 8,Magic @ 127G70 6 7,----- NOT USED -----,----- NOT USED -----,Magic @ 110G67 4 5,Magic @ 110G67 3 7,Magic @ 110G67 4 7,Magic @ 110G67 1 3,Magic @ 110G67 4 6,Magic @ 110G67 1 6,Magic @ 110G67 1 7,Magic @ 110G67 6 8,Magic @ 110G67 2 5,Magic @ 107G70 1 6,Magic @ 107G70 3 5,Magic @ 107G70 2 4,Magic @ 107G70 2 5,Magic @ 107G70 5 7,Magic @ 107G70 2 8,Magic @ 107G70 4 7,Magic @ 107G70 4 8,Magic @ 107G70 6 7,Magic @ 90G67 4 5,Magic @ 90G67 3 7,Magic @ 90G67 4 7,Magic @ 90G67 1 3,Magic @ 90G67 4 6,Magic @ 90G67 1 6,Magic @ 90G67 1 7,Magic @ 90G67 6 8,Magic @ 90G67 2 5,Magic @ 87G70 1 6,Magic @ 87G70 3 5,Magic @ 87G70 2 4,Magic @ 87G70 2 5,Magic @ 87G70 5 7,Magic @ 87G70 2 8,Magic @ 87G70 4 7,Magic @ 87G70 4 8,Magic @ 87G70 6 7,Magic @ 70G67 4 5,Magic @ 70G67 3 7,Magic @ 70G67 4 7,Magic @ 70G67 1 3,Magic @ 70G67 4 6,Magic @ 70G67 1 6,Magic @ 70G67 1 7,Magic @ 70G67 6 8,Magic @ 70G67 2 5,Magic @ 67G70 1 6,Magic @ 67G70 3 5,Magic @ 67G70 2 4,Magic @ 67G70 2 5,Magic @ 67G70 5 7,Magic @ 67G70 2 8,Magic @ 67G70 4 7,Magic @ 67G70 4 8,Magic @ 67G70 6 7,----- NOT USED -----,----- NOT USED -----,Magic @ 50G67 4 5,Magic @ 50G67 3 7,Magic @ 50G67 4 7,Magic @ 50G67 1 3,Magic @ 50G67 4 6,Magic @ 50G67 1 6,Magic @ 50G67 1 7,Magic @ 50G67 6 8,Magic @ 50G67 2 5,Magic @ 47G70 1 6,Magic @ 47G70 3 5,Magic @ 47G70 2 4,Magic @ 47G70 2 5,Magic @ 47G70 5 7,Magic @ 47G70 2 8,Magic @ 47G70 4 7,Magic @ 47G70 4 8,Magic @ 47G70 6 7,Magic @ 30G67 4 5,Magic @ 30G67 3 7,Magic @ 30G67 4 7,Magic @ 30G67 1 3,Magic @ 30G67 4 6,Magic @ 30G67 1 6,Magic @ 30G67 1 7,Magic @ 30G67 6 8,Magic @ 30G67 2 5,Magic @ 27G70 1 6,Magic @ 27G70 3 5,Magic @ 27G70 2 4,Magic @ 27G70 2 5,Magic @ 27G70 5 7,Magic @ 27G70 2 8,Magic @ 27G70 4 7,Magic @ 27G70 4 8,Magic @ 27G70 6 7,Magic @ 8G67 4 5,Magic @ 8G67 1 3,Magic @ 8G67 2 5,Magic @ 8G67 3 2,----- NOT USED -----,----- NOT USED -----,----- NOT USED -----,----- NOT USED -----,----- NOT USED -----,----- NOT USED -----,----- NOT USED -----,----- NOT USED -----,----- NOT USED -----,----- NOT USED -----,----- NOT USED -----,----- NOT USED -----,----- NOT USED -----,----- NOT USED -----,----- NOT USED -----,----- NOT USED -----,----- NOT USED -----
Magic @ 172G70 5 7,Magic @ 172G70 2 8,Magic @ 172G70 1 5,Magic @ 172G70 6 2,Magic @ 175G67 1 7,Magic @ 175G67 1 6,Magic @ 175G67 8 1,Magic @ 175G67 5 1,Magic @ 175G67 8 2,Magic @ 150G67 2 4,Magic @ 150G67 2 3,Magic @ 150G67 4 8,Magic @ 150G67 3 8,Magic @ 150G67 2 6,Magic @ 150G67 1 5,Magic @ 150G67 1 8,Magic @ 150G67 6 7,Magic @ 150G67 5 7,Magic @ 147G70 4 6,Magic @ 147G70 4 5,Magic @ 147G70 2 3,Magic @ 147G70 2 6,Magic @ 147G70 1 5,Magic @ 147G70 3 8,Magic @ 147G70 3 7,Magic @ 147G70 1 8,Magic @ 147G70 1 7,Magic @ 130G67 2 4,Magic @ 130G67 2 3,Magic @ 130G67 4 8,Magic @ 130G67 3 8,Magic @ 130G67 2 6,Magic @ 130G67 1 5,Magic @ 130G67 1 8,Magic @ 130G67 6 7,Magic @ 130G67 5 7,Magic @ 127G70 4 6,Magic @ 127G70 4 5,Magic @ 127G70 2 3,Magic @ 127G70 2 6,Magic @ 127G70 1 5,Magic @ 127G70 3 8,Magic @ 127G70 3 7,Magic @ 127G70 1 8,Magic @ 127G70 1 7,----- NOT USED -----,Bidi 125G68,Magic @ 110G67 2 4,Magic @ 110G67 2 3,Magic @ 110G67 4 8,Magic @ 110G67 3 8,Magic @ 110G67 2 6,Magic @ 110G67 1 5,Magic @ 110G67 1 8,Magic @ 110G67 6 7,Magic @ 110G67 5 7,Magic @ 107G70 4 6,Magic @ 107G70 4 5,Magic @ 107G70 2 3,Magic @ 107G70 2 6,Magic @ 107G70 1 5,Magic @ 107G70 3 8,Magic @ 107G70 3 7,Magic @ 107G70 1 8,Magic @ 107G70 1 7,Magic @ 90G67 2 4,Magic @ 90G67 2 3,Magic @ 90G67 4 8,Magic @ 90G67 3 8,Magic @ 90G67 2 6,Magic @ 90G67 1 5,Magic @ 90G67 1 8,Magic @ 90G67 6 7,Magic @ 90G67 5 7,Magic @ 87G70 4 6,Magic @ 87G70 4 5,Magic @ 87G70 2 3,Magic @ 87G70 2 6,Magic @ 87G70 1 5,Magic @ 87G70 3 8,Magic @ 87G70 3 7,Magic @ 87G70 1 8,Magic @ 87G70 1 7,Magic @ 70G67 2 4,Magic @ 70G67 2 3,Magic @ 70G67 4 8,Magic @ 70G67 3 8,Magic @ 70G67 2 6,Magic @ 70G67 1 5,Magic @ 70G67 1 8,Magic @ 70G67 6 7,Magic @ 70G67 5 7,Magic @ 67G70 4 6,Magic @ 67G70 4 5,Magic @ 67G70 2 3,Magic @ 67G70 2 6,Magic @ 67G70 1 5,Magic @ 67G70 3 8,Magic @ 67G70 3 7,Magic @ 67G70 1 8,Magic @ 67G70 1 7,----- NOT USED -----,Bidi 65G68,Magic @ 50G67 2 4,Magic @ 50G67 2 3,Magic @ 50G67 4 8,Magic @ 50G67 3 8,Magic @ 50G67 2 6,Magic @ 50G67 1 5,Magic @ 50G67 1 8,Magic @ 50G67 6 7,Magic @ 50G67 5 7,Magic @ 47G70 4 6,Magic @ 47G70 4 5,Magic @ 47G70 2 3,Magic @ 47G70 2 6,Magic @ 47G70 1 5,Magic @ 47G70 3 8,Magic @ 47G70 3 7,Magic @ 47G70 1 8,Magic @ 47G70 1 7,Magic @ 30G67 2 4,Magic @ 30G67 2 3,Magic @ 30G67 4 8,Magic @ 30G67 3 8,Magic @ 30G67 2 6,Magic @ 30G67 1 5,Magic @ 30G67 1 8,Magic @ 30G67 6 7,Magic @ 30G67 5 7,Magic @ 27G70 4 6,Magic @ 27G70 4 5,Magic @ 27G70 2 3,Magic @ 27G70 2 6,Magic @ 27G70 1 5,Magic @ 27G70 3 8,Magic @ 27G70 3 7,Magic @ 27G70 1 8,Magic @ 27G70 1 7,Magic @ 8G67 4 6,Magic @ 8G67 1 6,Magic @ 8G67 3 5,Magic @ 8G67 2 6,----- NOT USED -----,----- NOT USED -----,----- NOT USED -----,----- NOT USED -----,Magic @ 5G70 4 2,Magic @ 5G70 4 5,Magic @ 5G70 3 5,Magic @ 5G70 3 2,Magic @ 5G70 2 5,Magic @ 5G70 1 5,Magic @ 5G70 2 6,Magic @ 5G70 4 6,Magic @ 5G70 1 6,IOB P20.O MuxBit: 1,IOB P20.O MuxBit: 2,IOB P20.O MuxBit: 3,IOB P20.I PAD/Latched
----- NOT USED -----,----- NOT USED -----,IOB P51.I PAD/Latched,----- NOT USED -----,IOB P51,IOB P51.T MuxBit: 1,IOB P51.O MuxBit: 0,IOB P51.O MuxBit: 1,IOB P51.O MuxBit: 2,CLB EH Logic Table: 2 Bit: 1,CLB EH Logic Table: 2 Bit: 0,CLB EH Logic Table: 2 Bit: 2,CLB EH Logic Table: 2 Bit: 3,CLB EH Logic Table: 2 Bit: 5,CLB EH Logic Table: 2 Bit: 4,CLB EH Logic Table: 2 Bit: 6,CLB EH Logic Table: 2 Bit: 7,CLB EH BASE FG,----- NOT USED -----,CLB EH Logic Table: 1 Bit: 7,CLB EH Logic Table: 1 Bit: 6,CLB EH Logic Table: 1 Bit: 4,CLB EH Logic Table: 1 Bit: 5,CLB EH Logic Table: 1 Bit: 3,CLB EH Logic Table: 1 Bit: 2,CLB EH Logic Table: 1 Bit: 0,CLB EH Logic Table: 1 Bit: 1,CLB EG Logic Table: 2 Bit: 1,CLB EG Logic Table: 2 Bit: 0,CLB EG Logic Table: 2 Bit: 2,CLB EG Logic Table: 2 Bit: 3,CLB EG Logic Table: 2 Bit: 5,CLB EG Logic Table: 2 Bit: 4,CLB EG Logic Table: 2 Bit: 6,CLB EG Logic Table: 2 Bit: 7,CLB EG BASE FG,----- NOT USED -----,CLB EG Logic Table: 1 Bit: 7,CLB EG Logic Table: 1 Bit: 6,CLB EG Logic Table: 1 Bit: 4,CLB EG Logic Table: 1 Bit: 5,CLB EG Logic Table: 1 Bit: 3,CLB EG Logic Table: 1 Bit: 2,CLB EG Logic Table: 1 Bit: 0,CLB EG Logic Table: 1 Bit: 1,Bidi 125G85,----- NOT USED -----,CLB EF Logic Table: 2 Bit: 1,CLB EF Logic Table: 2 Bit: 0,CLB EF Logic Table: 2 Bit: 2,CLB EF Logic Table: 2 Bit: 3,CLB EF Logic Table: 2 Bit: 5,CLB EF Logic Table: 2 Bit: 4,CLB EF Logic Table: 2 Bit: 6,CLB EF Logic Table: 2 Bit: 7,CLB EF BASE FG,----- NOT USED -----,CLB EF Logic Table: 1 Bit: 7,CLB EF Logic Table: 1 Bit: 6,CLB EF Logic Table: 1 Bit: 4,CLB EF Logic Table: 1 Bit: 5,CLB EF Logic Table: 1 Bit: 3,CLB EF Logic Table: 1 Bit: 2,CLB EF Logic Table: 1 Bit: 0,CLB EF Logic Table: 1 Bit: 1,CLB EE Logic Table: 2 Bit: 1,CLB EE Logic Table: 2 Bit: 0,CLB EE Logic Table: 2 Bit: 2,CLB EE Logic Table: 2 Bit: 3,CLB EE Logic Table: 2 Bit: 5,CLB EE Logic Table: 2 Bit: 4,CLB EE Logic Table: 2 Bit: 6,CLB EE Logic Table: 2 Bit: 7,CLB EE BASE FG,----- NOT USED -----,CLB EE Logic Table: 1 Bit: 7,CLB EE Logic Table: 1 Bit: 6,CLB EE Logic Table: 1 Bit: 4,CLB EE Logic Table: 1 Bit: 5,CLB EE Logic Table: 1 Bit: 3,CLB EE Logic Table: 1 Bit: 2,CLB EE Logic Table: 1 Bit: 0,CLB EE Logic Table: 1 Bit: 1,CLB ED Logic Table: 2 Bit: 1,CLB ED Logic Table: 2 Bit: 0,CLB ED Logic Table: 2 Bit: 2,CLB ED Logic Table: 2 Bit: 3,CLB ED Logic Table: 2 Bit: 5,CLB ED Logic Table: 2 Bit: 4,CLB ED Logic Table: 2 Bit: 6,CLB ED Logic Table: 2 Bit: 7,CLB ED BASE FG,----- NOT USED -----,CLB ED Logic Table: 1 Bit: 7,CLB ED Logic Table: 1 Bit: 6,CLB ED Logic Table: 1 Bit: 4,CLB ED Logic Table: 1 Bit: 5,CLB ED Logic Table: 1 Bit: 3,CLB ED Logic Table: 1 Bit: 2,CLB ED Logic Table: 1 Bit: 0,CLB ED Logic Table: 1 Bit: 1,Bidi 65G85,----- NOT USED -----,CLB EC Logic Table: 2 Bit: 1,CLB EC Logic Table: 2 Bit: 0,CLB EC Logic Table: 2 Bit: 2,CLB EC Logic Table: 2 Bit: 3,CLB EC Logic Table: 2 Bit: 5,CLB EC Logic Table: 2 Bit: 4,CLB EC Logic Table: 2 Bit: 6,CLB EC Logic Table: 2 Bit: 7,CLB EC BASE FG,----- NOT USED -----,CLB EC Logic Table: 1 Bit: 7,CLB EC Logic Table: 1 Bit: 6,CLB EC Logic Table: 1 Bit: 4,CLB EC Logic Table: 1 Bit: 5,CLB EC Logic Table: 1 Bit: 3,CLB EC Logic Table: 1 Bit: 2,CLB EC Logic Table: 1 Bit: 0,CLB EC Logic Table: 1 Bit: 1,CLB EB Logic Table: 2 Bit: 1,CLB EB Logic Table: 2 Bit: 0,CLB EB Logic Table: 2 Bit: 2,CLB EB Logic Table: 2 Bit: 3,CLB EB Logic Table: 2 Bit: 5,CLB EB Logic Table: 2 Bit: 4,CLB EB Logic Table: 2 Bit: 6,CLB EB Logic Table: 2 Bit: 7,CLB EB BASE FG,----- NOT USED -----,CLB EB Logic Table: 1 Bit: 7,CLB EB Logic Table: 1 Bit: 6,CLB EB Logic Table: 1 Bit: 4,CLB EB Logic Table: 1 Bit: 5,CLB EB Logic Table: 1 Bit: 3,CLB EB Logic Table: 1 Bit: 2,CLB EB Logic Table: 1 Bit: 0,CLB EB Logic Table: 1 Bit: 1,CLB EA Logic Table: 2 Bit: 1,CLB EA Logic Table: 2 Bit: 0,CLB EA Logic Table: 2 Bit: 2,CLB EA Logic Table: 2 Bit: 3,CLB EA Logic Table: 2 Bit: 5,CLB EA Logic Table: 2 Bit: 4,CLB EA Logic Table: 2 Bit: 6,CLB EA Logic Table: 2 Bit: 7,CLB EA BASE FG,----- NOT USED -----,CLB EA Logic Table: 1 Bit: 7,CLB EA Logic Table: 1 Bit: 6,CLB EA Logic Table: 1 Bit: 4,CLB EA Logic Table: 1 Bit: 5,CLB EA Logic Table: 1 Bit: 3,CLB EA Logic Table: 1 Bit: 2,CLB EA Logic Table: 1 Bit: 0,CLB EA Logic Table: 1 Bit: 1,IOB P19.O MuxBit: 0,IOB P19.I PAD/Latched,----- NOT USED -----
Other UNknown 4,----- NOT USED -----,----- NOT USED -----,PIP  172G73,PIP  169G73,PIP  175G73,IOB P51.O MuxBit: 3,IOB P51.O MuxBit: 4,----- NOT USED -----,CLB EH Logic Table: 2 Mux C/D/Q Bit: 1,CLB EH Logic Table: 2 Mux C/D/Q Bit: 0,----- NOT USED -----,----- NOT USED -----,----- NOT USED -----,CLB EH Logic Table: 2 Mux B/C,CLB EH Logic Table: 2 Mux A/B,----- NOT USED -----,----- NOT USED -----,----- NOT USED -----,CLB EH Logic Table: 1 Mux A/B,CLB EH Logic Table: 1 Mux B/C,----- NOT USED -----,----- NOT USED -----,----- NOT USED -----,----- NOT USED -----,CLB EH Logic Table: 1 Mux C/D/Q Bit: 0,CLB EH Logic Table: 1 Mux C/D/Q Bit: 1,CLB EG Logic Table: 2 Mux C/D/Q Bit: 1,CLB EG Logic Table: 2 Mux C/D/Q Bit: 0,----- NOT USED -----,----- NOT USED -----,----- NOT USED -----,CLB EG Logic Table: 2 Mux B/C,CLB EG Logic Table: 2 Mux A/B,----- NOT USED -----,----- NOT USED -----,----- NOT USED -----,CLB EG Logic Table: 1 Mux A/B,CLB EG Logic Table: 1 Mux B/C,----- NOT USED -----,----- NOT USED -----,----- NOT USED -----,----- NOT USED -----,CLB EG Logic Table: 1 Mux C/D/Q Bit: 0,CLB EG Logic Table: 1 Mux C/D/Q Bit: 1,----- NOT USED -----,----- NOT USED -----,CLB EF Logic Table: 2 Mux C/D/Q Bit: 1,CLB EF Logic Table: 2 Mux C/D/Q Bit: 0,----- NOT USED -----,----- NOT USED -----,----- NOT USED -----,CLB EF Logic Table: 2 Mux B/C,CLB EF Logic Table: 2 Mux A/B,----- NOT USED -----,----- NOT USED -----,----- NOT USED -----,CLB EF Logic Table: 1 Mux A/B,CLB EF Logic Table: 1 Mux B/C,----- NOT USED -----,----- NOT USED -----,----- NOT USED -----,----- NOT USED -----,CLB EF Logic Table: 1 Mux C/D/Q Bit: 0,CLB EF Logic Table: 1 Mux C/D/Q Bit: 1,CLB EE Logic Table: 2 Mux C/D/Q Bit: 1,CLB EE Logic Table: 2 Mux C/D/Q Bit: 0,----- NOT USED -----,----- NOT USED -----,----- NOT USED -----,CLB EE Logic Table: 2 Mux B/C,CLB EE Logic Table: 2 Mux A/B,----- NOT USED -----,----- NOT USED -----,----- NOT USED -----,CLB EE Logic Table: 1 Mux A/B,CLB EE Logic Table: 1 Mux B/C,----- NOT USED -----,----- NOT USED -----,----- NOT USED -----,----- NOT USED -----,CLB EE Logic Table: 1 Mux C/D/Q Bit: 0,CLB EE Logic Table: 1 Mux C/D/Q Bit: 1,CLB ED Logic Table: 2 Mux C/D/Q Bit: 1,CLB ED Logic Table: 2 Mux C/D/Q Bit: 0,----- NOT USED -----,----- NOT USED -----,----- NOT USED -----,CLB ED Logic Table: 2 Mux B/C,CLB ED Logic Table: 2 Mux A/B,----- NOT USED -----,----- NOT USED -----,----- NOT USED -----,CLB ED Logic Table: 1 Mux A/B,CLB ED Logic Table: 1 Mux B/C,----- NOT USED -----,----- NOT USED -----,----- NOT USED -----,----- NOT USED -----,CLB ED Logic Table: 1 Mux C/D/Q Bit: 0,CLB ED Logic Table: 1 Mux C/D/Q Bit: 1,----- NOT USED -----,----- NOT USED -----,CLB EC Logic Table: 2 Mux C/D/Q Bit: 1,CLB EC Logic Table: 2 Mux C/D/Q Bit: 0,----- NOT USED -----,----- NOT USED -----,----- NOT USED -----,CLB EC Logic Table: 2 Mux B/C,CLB EC Logic Table: 2 Mux A/B,----- NOT USED -----,----- NOT USED -----,----- NOT USED -----,CLB EC Logic Table: 1 Mux A/B,CLB EC Logic Table: 1 Mux B/C,----- NOT USED -----,----- NOT USED -----,----- NOT USED -----,----- NOT USED -----,CLB EC Logic Table: 1 Mux C/D/Q Bit: 0,CLB EC Logic Table: 1 Mux C/D/Q Bit: 1,CLB EB Logic Table: 2 Mux C/D/Q Bit: 1,CLB EB Logic Table: 2 Mux C/D/Q Bit: 0,----- NOT USED -----,----- NOT USED -----,----- NOT USED -----,CLB EB Logic Table: 2 Mux B/C,CLB EB Logic Table: 2 Mux A/B,----- NOT USED -----,----- NOT USED -----,----- NOT USED -----,CLB EB Logic Table: 1 Mux A/B,CLB EB Logic Table: 1 Mux B/C,----- NOT USED -----,----- NOT USED -----,----- NOT USED -----,----- NOT USED -----,CLB EB Logic Table: 1 Mux C/D/Q Bit: 0,CLB EB Logic Table: 1 Mux C/D/Q Bit: 1,CLB EA Logic Table: 2 Mux C/D/Q Bit: 1,CLB EA Logic Table: 2 Mux C/D/Q Bit: 0,----- NOT USED -----,----- NOT USED -----,----- NOT USED -----,CLB EA Logic Table: 2 Mux B/C,CLB EA Logic Table: 2 Mux A/B,----- NOT USED -----,----- NOT USED -----,----- NOT USED -----,CLB EA Logic Table: 1 Mux A/B,CLB EA Logic Table: 1 Mux B/C,----- NOT USED -----,----- NOT USED -----,----- NOT USED -----,----- NOT USED -----,CLB EA Logic Table: 1 Mux C/D/Q Bit: 0,CLB EA Logic Table: 1 Mux C/D/Q Bit: 1,IOB P19.O MuxBit: 3,IOB P19.O MuxBit: 2,IOB P19.O MuxBit: 1
----- NOT USED -----,----- NOT USED -----,----- NOT USED -----,----- NOT USED -----,----- NOT USED -----,IOB P51.T MuxBit: 2,----- NOT USED -----,PIP  178G73,----- NOT USED -----,----- NOT USED -----,----- NOT USED -----,----- NOT USED -----,----- NOT USED -----,CLB EH.Y F/M or Q,CLB EH.Y G,CLB EH.X G,CLB EH.X F/M or Q,CLB EH Select Latch/FF,----- NOT USED -----,----- NOT USED -----,----- NOT USED -----,----- NOT USED -----,----- NOT USED -----,CLB EH Set A/F,CLB EH Set-Enable,CLB EH Reset-Enable,CLB EH Reset D/G,----- NOT USED -----,----- NOT USED -----,----- NOT USED -----,----- NOT USED -----,CLB EG.Y F/M or Q,CLB EG.Y G,CLB EG.X G,CLB EG.X F/M or Q,CLB EG Select Latch/FF,----- NOT USED -----,----- NOT USED -----,----- NOT USED -----,----- NOT USED -----,----- NOT USED -----,CLB EG Set A/F,CLB EG Set-Enable,CLB EG Reset-Enable,CLB EG Reset D/G,----- NOT USED -----,----- NOT USED -----,----- NOT USED -----,----- NOT USED -----,----- NOT USED -----,----- NOT USED -----,CLB EF.Y F/M or Q,CLB EF.Y G,CLB EF.X G,CLB EF.X F/M or Q,CLB EF Select Latch/FF,----- NOT USED -----,----- NOT USED -----,----- NOT USED -----,----- NOT USED -----,----- NOT USED -----,CLB EF Set A/F,CLB EF Set-Enable,CLB EF Reset-Enable,CLB EF Reset D/G,----- NOT USED -----,----- NOT USED -----,----- NOT USED -----,----- NOT USED -----,CLB EE.Y F/M or Q,CLB EE.Y G,CLB EE.X G,CLB EE.X F/M or Q,CLB EE Select Latch/FF,----- NOT USED -----,----- NOT USED -----,----- NOT USED -----,----- NOT USED -----,----- NOT USED -----,CLB EE Set A/F,CLB EE Set-Enable,CLB EE Reset-Enable,CLB EE Reset D/G,----- NOT USED -----,----- NOT USED -----,----- NOT USED -----,----- NOT USED -----,CLB ED.Y F/M or Q,CLB ED.Y G,CLB ED.X G,CLB ED.X F/M or Q,CLB ED Select Latch/FF,----- NOT USED -----,----- NOT USED -----,----- NOT USED -----,----- NOT USED -----,----- NOT USED -----,CLB ED Set A/F,CLB ED Set-Enable,CLB ED Reset-Enable,CLB ED Reset D/G,----- NOT USED -----,----- NOT USED -----,----- NOT USED -----,----- NOT USED -----,----- NOT USED -----,----- NOT USED -----,CLB EC.Y F/M or Q,CLB EC.Y G,CLB EC.X G,CLB EC.X F/M or Q,CLB EC Select Latch/FF,----- NOT USED -----,----- NOT USED -----,----- NOT USED -----,----- NOT USED -----,----- NOT USED -----,CLB EC Set A/F,CLB EC Set-Enable,CLB EC Reset-Enable,CLB EC Reset D/G,----- NOT USED -----,----- NOT USED -----,----- NOT USED -----,----- NOT USED -----,CLB EB.Y F/M or Q,CLB EB.Y G,CLB EB.X G,CLB EB.X F/M or Q,CLB EB Select Latch/FF,----- NOT USED -----,----- NOT USED -----,----- NOT USED -----,----- NOT USED -----,----- NOT USED -----,CLB EB Set A/F,CLB EB Set-Enable,CLB EB Reset-Enable,CLB EB Reset D/G,----- NOT USED -----,----- NOT USED -----,----- NOT USED -----,----- NOT USED -----,CLB EA.Y F/M or Q,CLB EA.Y G,CLB EA.X G,CLB EA.X F/M or Q,CLB EA Select Latch/FF,----- NOT USED -----,----- NOT USED -----,----- NOT USED -----,----- NOT USED -----,----- NOT USED -----,CLB EA Set A/F,CLB EA Set-Enable,CLB EA Reset-Enable,CLB EA Reset D/G,IOB P19.T MuxBit: 2,IOB P19.T MuxBit: 1,IOB P19.T MuxBit: 0
----- NOT USED -----,----- NOT USED -----,PIP  170G78,PIP  173G78,PIP  172G75,PIP  169G75,PIP  175G75,PIP  178G75,PIP  176G78,CLB DH.D MuxBit: 3,CLB EH.A MuxBit: 3,CLB EH.A MuxBit: 0,CLB EH.A MuxBit: 2,CLB DH.D MuxBit: 2,CLB DH.D MuxBit: 1,PIP  150G75,PIP  156G75,PIP  155G79,----- NOT USED -----,PIP  148G79,CLB EH CLK enable,CLB EH CLK Invert,CLB EH,CLB EH.K MuxBit: 0,CLB EH.K MuxBit: 1,PIP  153G75,PIP  147G75,CLB DG.D MuxBit: 3,CLB EG.A MuxBit: 3,CLB EG.A MuxBit: 0,CLB EG.A MuxBit: 2,CLB DG.D MuxBit: 2,CLB DG.D MuxBit: 1,PIP  130G75,PIP  136G75,PIP  135G79,----- NOT USED -----,PIP  128G79,CLB EG CLK enable,CLB EG CLK Invert,CLB EG,CLB EG.K MuxBit: 0,CLB EG.K MuxBit: 1,PIP  133G75,PIP  127G75,Bidi 125G84,Bidi 125G88,CLB DF.D MuxBit: 3,CLB EF.A MuxBit: 3,CLB EF.A MuxBit: 0,CLB EF.A MuxBit: 2,CLB DF.D MuxBit: 2,CLB DF.D MuxBit: 1,PIP  110G75,PIP  116G75,PIP  115G79,----- NOT USED -----,PIP  108G79,CLB EF CLK enable,CLB EF CLK Invert,CLB EF,CLB EF.K MuxBit: 0,CLB EF.K MuxBit: 1,PIP  113G75,PIP  107G75,CLB DE.D MuxBit: 3,CLB EE.A MuxBit: 3,CLB EE.A MuxBit: 0,CLB EE.A MuxBit: 2,CLB DE.D MuxBit: 2,CLB DE.D MuxBit: 1,PIP  90G75,PIP  96G75,PIP  95G79,----- NOT USED -----,PIP  88G79,CLB EE CLK enable,CLB EE CLK Invert,CLB EE,CLB EE.K MuxBit: 0,CLB EE.K MuxBit: 1,PIP  93G75,PIP  87G75,CLB DD.D MuxBit: 3,CLB ED.A MuxBit: 3,CLB ED.A MuxBit: 0,CLB ED.A MuxBit: 2,CLB DD.D MuxBit: 2,CLB DD.D MuxBit: 1,PIP  70G75,PIP  76G75,PIP  75G79,----- NOT USED -----,PIP  68G79,CLB ED CLK enable,CLB ED CLK Invert,CLB ED,CLB ED.K MuxBit: 0,CLB ED.K MuxBit: 1,PIP  73G75,PIP  67G75,Bidi 65G84,Bidi 65G88,CLB DC.D MuxBit: 3,CLB EC.A MuxBit: 3,CLB EC.A MuxBit: 0,CLB EC.A MuxBit: 2,CLB DC.D MuxBit: 2,CLB DC.D MuxBit: 1,PIP  50G75,PIP  56G75,PIP  55G79,----- NOT USED -----,PIP  48G79,CLB EC CLK enable,CLB EC CLK Invert,CLB EC,CLB EC.K MuxBit: 0,CLB EC.K MuxBit: 1,PIP  53G75,PIP  47G75,CLB DB.D MuxBit: 3,CLB EB.A MuxBit: 3,CLB EB.A MuxBit: 0,CLB EB.A MuxBit: 2,CLB DB.D MuxBit: 2,CLB DB.D MuxBit: 1,PIP  30G75,PIP  36G75,PIP  35G79,----- NOT USED -----,PIP  28G79,CLB EB CLK enable,CLB EB CLK Invert,CLB EB,CLB EB.K MuxBit: 0,CLB EB.K MuxBit: 1,PIP  33G75,PIP  27G75,CLB DA.D MuxBit: 3,CLB EA.A MuxBit: 3,CLB EA.A MuxBit: 0,CLB EA.A MuxBit: 2,CLB DA.D MuxBit: 2,CLB DA.D MuxBit: 1,----- NOT USED -----,PIP  12G73,----- NOT USED -----,----- NOT USED -----,PIP  6G73,CLB EA CLK enable,CLB EA CLK Invert,CLB EA,CLB EA.K MuxBit: 0,CLB EA.K MuxBit: 1,----- NOT USED -----,----- NOT USED -----,----- NOT USED -----,----- NOT USED -----,----- NOT USED -----
----- NOT USED -----,----- NOT USED -----,----- NOT USED -----,PIP  165G87,PIP  165G84,PIP  169G84,PIP  170G85,----- NOT USED -----,----- NOT USED -----,----- NOT USED -----,----- NOT USED -----,----- NOT USED -----,----- NOT USED -----,----- NOT USED -----,----- NOT USED -----,CLB EH.B MuxBit: 0,CLB EH.B MuxBit: 5,CLB EH.C MuxBit: 0,PIP  151G79,CLB EH.C MuxBit: 4,CLB EH.B MuxBit: 2,CLB EH.C MuxBit: 2,CLB EH.C MuxBit: 3,CLB EH.B MuxBit: 3,CLB EH.B MuxBit: 1,CLB EH.C MuxBit: 1,CLB EH.B MuxBit: 4,----- NOT USED -----,----- NOT USED -----,----- NOT USED -----,----- NOT USED -----,----- NOT USED -----,----- NOT USED -----,CLB EG.B MuxBit: 0,CLB EG.B MuxBit: 5,CLB EG.C MuxBit: 0,PIP  131G79,CLB EG.C MuxBit: 4,CLB EG.B MuxBit: 2,CLB EG.C MuxBit: 2,CLB EG.C MuxBit: 3,CLB EG.B MuxBit: 3,CLB EG.B MuxBit: 1,CLB EG.C MuxBit: 1,CLB EG.B MuxBit: 4,----- NOT USED -----,----- NOT USED -----,----- NOT USED -----,----- NOT USED -----,----- NOT USED -----,----- NOT USED -----,----- NOT USED -----,----- NOT USED -----,CLB EF.B MuxBit: 0,CLB EF.B MuxBit: 5,CLB EF.C MuxBit: 0,PIP  111G79,CLB EF.C MuxBit: 4,CLB EF.B MuxBit: 2,CLB EF.C MuxBit: 2,CLB EF.C MuxBit: 3,CLB EF.B MuxBit: 3,CLB EF.B MuxBit: 1,CLB EF.C MuxBit: 1,CLB EF.B MuxBit: 4,----- NOT USED -----,----- NOT USED -----,----- NOT USED -----,----- NOT USED -----,----- NOT USED -----,----- NOT USED -----,CLB EE.B MuxBit: 0,CLB EE.B MuxBit: 5,CLB EE.C MuxBit: 0,PIP  91G79,CLB EE.C MuxBit: 4,CLB EE.B MuxBit: 2,CLB EE.C MuxBit: 2,CLB EE.C MuxBit: 3,CLB EE.B MuxBit: 3,CLB EE.B MuxBit: 1,CLB EE.C MuxBit: 1,CLB EE.B MuxBit: 4,----- NOT USED -----,----- NOT USED -----,----- NOT USED -----,----- NOT USED -----,----- NOT USED -----,----- NOT USED -----,CLB ED.B MuxBit: 0,CLB ED.B MuxBit: 5,CLB ED.C MuxBit: 0,PIP  71G79,CLB ED.C MuxBit: 4,CLB ED.B MuxBit: 2,CLB ED.C MuxBit: 2,CLB ED.C MuxBit: 3,CLB ED.B MuxBit: 3,CLB ED.B MuxBit: 1,CLB ED.C MuxBit: 1,CLB ED.B MuxBit: 4,----- NOT USED -----,----- NOT USED -----,----- NOT USED -----,----- NOT USED -----,----- NOT USED -----,----- NOT USED -----,----- NOT USED -----,----- NOT USED -----,CLB EC.B MuxBit: 0,CLB EC.B MuxBit: 5,CLB EC.C MuxBit: 0,PIP  51G79,CLB EC.C MuxBit: 4,CLB EC.B MuxBit: 2,CLB EC.C MuxBit: 2,CLB EC.C MuxBit: 3,CLB EC.B MuxBit: 3,CLB EC.B MuxBit: 1,CLB EC.C MuxBit: 1,CLB EC.B MuxBit: 4,----- NOT USED -----,----- NOT USED -----,----- NOT USED -----,----- NOT USED -----,----- NOT USED -----,----- NOT USED -----,CLB EB.B MuxBit: 0,CLB EB.B MuxBit: 5,CLB EB.C MuxBit: 0,PIP  31G79,CLB EB.C MuxBit: 4,CLB EB.B MuxBit: 2,CLB EB.C MuxBit: 2,CLB EB.C MuxBit: 3,CLB EB.B MuxBit: 3,CLB EB.B MuxBit: 1,CLB EB.C MuxBit: 1,CLB EB.B MuxBit: 4,----- NOT USED -----,----- NOT USED -----,----- NOT USED -----,----- NOT USED -----,----- NOT USED -----,----- NOT USED -----,CLB EA.B MuxBit: 0,CLB EA.B MuxBit: 5,CLB EA.C MuxBit: 0,PIP  9G73,CLB EA.C MuxBit: 4,CLB EA.B MuxBit: 2,CLB EA.C MuxBit: 2,CLB EA.C MuxBit: 3,CLB EA.B MuxBit: 3,CLB EA.B MuxBit: 1,CLB EA.C MuxBit: 1,CLB EA.B MuxBit: 4,----- NOT USED -----,----- NOT USED -----,----- NOT USED -----
PIP  170G88,PIP  170G82,Magic @ 172G89 6 8,Magic @ 172G89 6 7,PIP  172G82,PIP  169G82,PIP  169G87,PIP  178G82,PIP  176G82,----- NOT USED -----,Magic @ 150G86 3 5,CLB DH.D MuxBit: 0,PIP  151G82,CLB EH.A MuxBit: 1,PIP  156G85,PIP  156G88,PIP  155G84,Magic @ 150G86 2 8,Magic @ 147G89 1 3,PIP  155G87,PIP  154G87,PIP  154G85,PIP  153G85,PIP  153G87,PIP  153G89,PIP  147G82,Magic @ 147G89 6 8,----- NOT USED -----,Magic @ 130G86 3 5,CLB DG.D MuxBit: 0,PIP  131G82,CLB EG.A MuxBit: 1,PIP  136G85,PIP  136G88,PIP  135G84,Magic @ 130G86 2 8,Magic @ 127G89 1 3,PIP  135G87,PIP  134G87,PIP  134G85,PIP  133G85,PIP  133G87,PIP  133G89,PIP  127G82,Magic @ 127G89 6 8,----- NOT USED -----,----- NOT USED -----,----- NOT USED -----,Magic @ 110G86 3 5,CLB DF.D MuxBit: 0,PIP  111G82,CLB EF.A MuxBit: 1,PIP  116G85,PIP  116G88,PIP  115G84,Magic @ 110G86 2 8,Magic @ 107G89 1 3,PIP  115G87,PIP  114G87,PIP  114G85,PIP  113G85,PIP  113G87,PIP  113G89,PIP  107G82,Magic @ 107G89 6 8,----- NOT USED -----,Magic @ 90G86 3 5,CLB DE.D MuxBit: 0,PIP  91G82,CLB EE.A MuxBit: 1,PIP  96G85,PIP  96G88,PIP  95G84,Magic @ 90G86 2 8,Magic @ 87G89 1 3,PIP  95G87,PIP  94G87,PIP  94G85,PIP  93G85,PIP  93G87,PIP  93G89,PIP  87G82,Magic @ 87G89 6 8,----- NOT USED -----,Magic @ 70G86 3 5,CLB DD.D MuxBit: 0,PIP  71G82,CLB ED.A MuxBit: 1,PIP  76G85,PIP  76G88,PIP  75G84,Magic @ 70G86 2 8,Magic @ 67G89 1 3,PIP  75G87,PIP  74G87,PIP  74G85,PIP  73G85,PIP  73G87,PIP  73G89,PIP  67G82,Magic @ 67G89 6 8,----- NOT USED -----,----- NOT USED -----,----- NOT USED -----,Magic @ 50G86 3 5,CLB DC.D MuxBit: 0,PIP  51G82,CLB EC.A MuxBit: 1,PIP  56G85,PIP  56G88,PIP  55G84,Magic @ 50G86 2 8,Magic @ 47G89 1 3,PIP  55G87,PIP  54G87,PIP  54G85,PIP  53G85,PIP  53G87,PIP  53G89,PIP  47G82,Magic @ 47G89 6 8,----- NOT USED -----,Magic @ 30G86 3 5,CLB DB.D MuxBit: 0,PIP  31G82,CLB EB.A MuxBit: 1,PIP  36G85,PIP  36G88,PIP  35G84,Magic @ 30G86 2 8,Magic @ 27G89 1 3,PIP  35G87,PIP  34G87,PIP  34G85,PIP  33G85,PIP  33G87,PIP  33G89,PIP  27G82,Magic @ 27G89 6 8,----- NOT USED -----,Magic @ 8G86 1 5,CLB DA.D MuxBit: 0,PIP  9G82,CLB EA.A MuxBit: 1,PIP  12G82,----- NOT USED -----,----- NOT USED -----,Magic @ 8G86 2 4,PIP  12G87,PIP  11G82,PIP  11G88,PIP  17G85,PIP  17G82,Magic @ 5G89 3 1,PIP  3G82,PIP  5G82,----- NOT USED -----,----- NOT USED -----,----- NOT USED -----,----- NOT USED -----
Magic @ 172G89 7 1,Magic @ 172G89 1 8,Magic @ 172G89 2 5,Magic @ 172G89 1 6,Magic @ 175G86 6 7,Magic @ 175G86 6 2,Magic @ 175G86 6 8,Magic @ 175G86 5 7,Magic @ 175G86 2 5,Magic @ 150G86 4 5,Magic @ 150G86 3 7,Magic @ 150G86 4 7,Magic @ 150G86 1 3,Magic @ 150G86 4 6,Magic @ 150G86 1 6,Magic @ 150G86 1 7,Magic @ 150G86 6 8,Magic @ 150G86 2 5,Magic @ 147G89 1 6,Magic @ 147G89 3 5,Magic @ 147G89 2 4,Magic @ 147G89 2 5,Magic @ 147G89 5 7,Magic @ 147G89 2 8,Magic @ 147G89 4 7,Magic @ 147G89 4 8,Magic @ 147G89 6 7,Magic @ 130G86 4 5,Magic @ 130G86 3 7,Magic @ 130G86 4 7,Magic @ 130G86 1 3,Magic @ 130G86 4 6,Magic @ 130G86 1 6,Magic @ 130G86 1 7,Magic @ 130G86 6 8,Magic @ 130G86 2 5,Magic @ 127G89 1 6,Magic @ 127G89 3 5,Magic @ 127G89 2 4,Magic @ 127G89 2 5,Magic @ 127G89 5 7,Magic @ 127G89 2 8,Magic @ 127G89 4 7,Magic @ 127G89 4 8,Magic @ 127G89 6 7,----- NOT USED -----,----- NOT USED -----,Magic @ 110G86 4 5,Magic @ 110G86 3 7,Magic @ 110G86 4 7,Magic @ 110G86 1 3,Magic @ 110G86 4 6,Magic @ 110G86 1 6,Magic @ 110G86 1 7,Magic @ 110G86 6 8,Magic @ 110G86 2 5,Magic @ 107G89 1 6,Magic @ 107G89 3 5,Magic @ 107G89 2 4,Magic @ 107G89 2 5,Magic @ 107G89 5 7,Magic @ 107G89 2 8,Magic @ 107G89 4 7,Magic @ 107G89 4 8,Magic @ 107G89 6 7,Magic @ 90G86 4 5,Magic @ 90G86 3 7,Magic @ 90G86 4 7,Magic @ 90G86 1 3,Magic @ 90G86 4 6,Magic @ 90G86 1 6,Magic @ 90G86 1 7,Magic @ 90G86 6 8,Magic @ 90G86 2 5,Magic @ 87G89 1 6,Magic @ 87G89 3 5,Magic @ 87G89 2 4,Magic @ 87G89 2 5,Magic @ 87G89 5 7,Magic @ 87G89 2 8,Magic @ 87G89 4 7,Magic @ 87G89 4 8,Magic @ 87G89 6 7,Magic @ 70G86 4 5,Magic @ 70G86 3 7,Magic @ 70G86 4 7,Magic @ 70G86 1 3,Magic @ 70G86 4 6,Magic @ 70G86 1 6,Magic @ 70G86 1 7,Magic @ 70G86 6 8,Magic @ 70G86 2 5,Magic @ 67G89 1 6,Magic @ 67G89 3 5,Magic @ 67G89 2 4,Magic @ 67G89 2 5,Magic @ 67G89 5 7,Magic @ 67G89 2 8,Magic @ 67G89 4 7,Magic @ 67G89 4 8,Magic @ 67G89 6 7,----- NOT USED -----,----- NOT USED -----,Magic @ 50G86 4 5,Magic @ 50G86 3 7,Magic @ 50G86 4 7,Magic @ 50G86 1 3,Magic @ 50G86 4 6,Magic @ 50G86 1 6,Magic @ 50G86 1 7,Magic @ 50G86 6 8,Magic @ 50G86 2 5,Magic @ 47G89 1 6,Magic @ 47G89 3 5,Magic @ 47G89 2 4,Magic @ 47G89 2 5,Magic @ 47G89 5 7,Magic @ 47G89 2 8,Magic @ 47G89 4 7,Magic @ 47G89 4 8,Magic @ 47G89 6 7,Magic @ 30G86 4 5,Magic @ 30G86 3 7,Magic @ 30G86 4 7,Magic @ 30G86 1 3,Magic @ 30G86 4 6,Magic @ 30G86 1 6,Magic @ 30G86 1 7,Magic @ 30G86 6 8,Magic @ 30G86 2 5,Magic @ 27G89 1 6,Magic @ 27G89 3 5,Magic @ 27G89 2 4,Magic @ 27G89 2 5,Magic @ 27G89 5 7,Magic @ 27G89 2 8,Magic @ 27G89 4 7,Magic @ 27G89 4 8,Magic @ 27G89 6 7,Magic @ 8G86 4 5,Magic @ 8G86 1 3,Magic @ 8G86 2 5,Magic @ 8G86 3 2,----- NOT USED -----,----- NOT USED -----,----- NOT USED -----,----- NOT USED -----,----- NOT USED -----,----- NOT USED -----,----- NOT USED -----,----- NOT USED -----,----- NOT USED -----,----- NOT USED -----,----- NOT USED -----,----- NOT USED -----,----- NOT USED -----,----- NOT USED -----,----- NOT USED -----,----- NOT USED -----,----- NOT USED -----
Magic @ 172G89 5 7,Magic @ 172G89 2 8,Magic @ 172G89 1 5,Magic @ 172G89 6 2,Magic @ 175G86 1 7,Magic @ 175G86 1 6,Magic @ 175G86 8 1,Magic @ 175G86 5 1,Magic @ 175G86 8 2,Magic @ 150G86 2 4,Magic @ 150G86 2 3,Magic @ 150G86 4 8,Magic @ 150G86 3 8,Magic @ 150G86 2 6,Magic @ 150G86 1 5,Magic @ 150G86 1 8,Magic @ 150G86 6 7,Magic @ 150G86 5 7,Magic @ 147G89 4 6,Magic @ 147G89 4 5,Magic @ 147G89 2 3,Magic @ 147G89 2 6,Magic @ 147G89 1 5,Magic @ 147G89 3 8,Magic @ 147G89 3 7,Magic @ 147G89 1 8,Magic @ 147G89 1 7,Magic @ 130G86 2 4,Magic @ 130G86 2 3,Magic @ 130G86 4 8,Magic @ 130G86 3 8,Magic @ 130G86 2 6,Magic @ 130G86 1 5,Magic @ 130G86 1 8,Magic @ 130G86 6 7,Magic @ 130G86 5 7,Magic @ 127G89 4 6,Magic @ 127G89 4 5,Magic @ 127G89 2 3,Magic @ 127G89 2 6,Magic @ 127G89 1 5,Magic @ 127G89 3 8,Magic @ 127G89 3 7,Magic @ 127G89 1 8,Magic @ 127G89 1 7,----- NOT USED -----,Bidi 125G87,Magic @ 110G86 2 4,Magic @ 110G86 2 3,Magic @ 110G86 4 8,Magic @ 110G86 3 8,Magic @ 110G86 2 6,Magic @ 110G86 1 5,Magic @ 110G86 1 8,Magic @ 110G86 6 7,Magic @ 110G86 5 7,Magic @ 107G89 4 6,Magic @ 107G89 4 5,Magic @ 107G89 2 3,Magic @ 107G89 2 6,Magic @ 107G89 1 5,Magic @ 107G89 3 8,Magic @ 107G89 3 7,Magic @ 107G89 1 8,Magic @ 107G89 1 7,Magic @ 90G86 2 4,Magic @ 90G86 2 3,Magic @ 90G86 4 8,Magic @ 90G86 3 8,Magic @ 90G86 2 6,Magic @ 90G86 1 5,Magic @ 90G86 1 8,Magic @ 90G86 6 7,Magic @ 90G86 5 7,Magic @ 87G89 4 6,Magic @ 87G89 4 5,Magic @ 87G89 2 3,Magic @ 87G89 2 6,Magic @ 87G89 1 5,Magic @ 87G89 3 8,Magic @ 87G89 3 7,Magic @ 87G89 1 8,Magic @ 87G89 1 7,Magic @ 70G86 2 4,Magic @ 70G86 2 3,Magic @ 70G86 4 8,Magic @ 70G86 3 8,Magic @ 70G86 2 6,Magic @ 70G86 1 5,Magic @ 70G86 1 8,Magic @ 70G86 6 7,Magic @ 70G86 5 7,Magic @ 67G89 4 6,Magic @ 67G89 4 5,Magic @ 67G89 2 3,Magic @ 67G89 2 6,Magic @ 67G89 1 5,Magic @ 67G89 3 8,Magic @ 67G89 3 7,Magic @ 67G89 1 8,Magic @ 67G89 1 7,----- NOT USED -----,Bidi 65G87,Magic @ 50G86 2 4,Magic @ 50G86 2 3,Magic @ 50G86 4 8,Magic @ 50G86 3 8,Magic @ 50G86 2 6,Magic @ 50G86 1 5,Magic @ 50G86 1 8,Magic @ 50G86 6 7,Magic @ 50G86 5 7,Magic @ 47G89 4 6,Magic @ 47G89 4 5,Magic @ 47G89 2 3,Magic @ 47G89 2 6,Magic @ 47G89 1 5,Magic @ 47G89 3 8,Magic @ 47G89 3 7,Magic @ 47G89 1 8,Magic @ 47G89 1 7,Magic @ 30G86 2 4,Magic @ 30G86 2 3,Magic @ 30G86 4 8,Magic @ 30G86 3 8,Magic @ 30G86 2 6,Magic @ 30G86 1 5,Magic @ 30G86 1 8,Magic @ 30G86 6 7,Magic @ 30G86 5 7,Magic @ 27G89 4 6,Magic @ 27G89 4 5,Magic @ 27G89 2 3,Magic @ 27G89 2 6,Magic @ 27G89 1 5,Magic @ 27G89 3 8,Magic @ 27G89 3 7,Magic @ 27G89 1 8,Magic @ 27G89 1 7,Magic @ 8G86 4 6,Magic @ 8G86 1 6,Magic @ 8G86 3 5,Magic @ 8G86 2 6,----- NOT USED -----,----- NOT USED -----,----- NOT USED -----,----- NOT USED -----,Magic @ 5G89 4 2,Magic @ 5G89 4 5,Magic @ 5G89 3 5,Magic @ 5G89 3 2,Magic @ 5G89 2 5,Magic @ 5G89 1 5,Magic @ 5G89 2 6,Magic @ 5G89 4 6,Magic @ 5G89 1 6,----- NOT USED -----,----- NOT USED -----,----- NOT USED -----,----- NOT USED -----
----- NOT USED -----,----- NOT USED -----,IOB P53.I PAD/Latched,IOB P54.T MuxBit: 1,IOB P53,IOB P53.T MuxBit: 1,IOB P53.O MuxBit: 0,IOB P53.O MuxBit: 1,IOB P53.O MuxBit: 2,CLB DH Logic Table: 2 Bit: 1,CLB DH Logic Table: 2 Bit: 0,CLB DH Logic Table: 2 Bit: 2,CLB DH Logic Table: 2 Bit: 3,CLB DH Logic Table: 2 Bit: 5,CLB DH Logic Table: 2 Bit: 4,CLB DH Logic Table: 2 Bit: 6,CLB DH Logic Table: 2 Bit: 7,CLB DH BASE FG,----- NOT USED -----,CLB DH Logic Table: 1 Bit: 7,CLB DH Logic Table: 1 Bit: 6,CLB DH Logic Table: 1 Bit: 4,CLB DH Logic Table: 1 Bit: 5,CLB DH Logic Table: 1 Bit: 3,CLB DH Logic Table: 1 Bit: 2,CLB DH Logic Table: 1 Bit: 0,CLB DH Logic Table: 1 Bit: 1,CLB DG Logic Table: 2 Bit: 1,CLB DG Logic Table: 2 Bit: 0,CLB DG Logic Table: 2 Bit: 2,CLB DG Logic Table: 2 Bit: 3,CLB DG Logic Table: 2 Bit: 5,CLB DG Logic Table: 2 Bit: 4,CLB DG Logic Table: 2 Bit: 6,CLB DG Logic Table: 2 Bit: 7,CLB DG BASE FG,----- NOT USED -----,CLB DG Logic Table: 1 Bit: 7,CLB DG Logic Table: 1 Bit: 6,CLB DG Logic Table: 1 Bit: 4,CLB DG Logic Table: 1 Bit: 5,CLB DG Logic Table: 1 Bit: 3,CLB DG Logic Table: 1 Bit: 2,CLB DG Logic Table: 1 Bit: 0,CLB DG Logic Table: 1 Bit: 1,Bidi 125G104,----- NOT USED -----,CLB DF Logic Table: 2 Bit: 1,CLB DF Logic Table: 2 Bit: 0,CLB DF Logic Table: 2 Bit: 2,CLB DF Logic Table: 2 Bit: 3,CLB DF Logic Table: 2 Bit: 5,CLB DF Logic Table: 2 Bit: 4,CLB DF Logic Table: 2 Bit: 6,CLB DF Logic Table: 2 Bit: 7,CLB DF BASE FG,----- NOT USED -----,CLB DF Logic Table: 1 Bit: 7,CLB DF Logic Table: 1 Bit: 6,CLB DF Logic Table: 1 Bit: 4,CLB DF Logic Table: 1 Bit: 5,CLB DF Logic Table: 1 Bit: 3,CLB DF Logic Table: 1 Bit: 2,CLB DF Logic Table: 1 Bit: 0,CLB DF Logic Table: 1 Bit: 1,CLB DE Logic Table: 2 Bit: 1,CLB DE Logic Table: 2 Bit: 0,CLB DE Logic Table: 2 Bit: 2,CLB DE Logic Table: 2 Bit: 3,CLB DE Logic Table: 2 Bit: 5,CLB DE Logic Table: 2 Bit: 4,CLB DE Logic Table: 2 Bit: 6,CLB DE Logic Table: 2 Bit: 7,CLB DE BASE FG,----- NOT USED -----,CLB DE Logic Table: 1 Bit: 7,CLB DE Logic Table: 1 Bit: 6,CLB DE Logic Table: 1 Bit: 4,CLB DE Logic Table: 1 Bit: 5,CLB DE Logic Table: 1 Bit: 3,CLB DE Logic Table: 1 Bit: 2,CLB DE Logic Table: 1 Bit: 0,CLB DE Logic Table: 1 Bit: 1,CLB DD Logic Table: 2 Bit: 1,CLB DD Logic Table: 2 Bit: 0,CLB DD Logic Table: 2 Bit: 2,CLB DD Logic Table: 2 Bit: 3,CLB DD Logic Table: 2 Bit: 5,CLB DD Logic Table: 2 Bit: 4,CLB DD Logic Table: 2 Bit: 6,CLB DD Logic Table: 2 Bit: 7,CLB DD BASE FG,----- NOT USED -----,CLB DD Logic Table: 1 Bit: 7,CLB DD Logic Table: 1 Bit: 6,CLB DD Logic Table: 1 Bit: 4,CLB DD Logic Table: 1 Bit: 5,CLB DD Logic Table: 1 Bit: 3,CLB DD Logic Table: 1 Bit: 2,CLB DD Logic Table: 1 Bit: 0,CLB DD Logic Table: 1 Bit: 1,Bidi 65G104,----- NOT USED -----,CLB DC Logic Table: 2 Bit: 1,CLB DC Logic Table: 2 Bit: 0,CLB DC Logic Table: 2 Bit: 2,CLB DC Logic Table: 2 Bit: 3,CLB DC Logic Table: 2 Bit: 5,CLB DC Logic Table: 2 Bit: 4,CLB DC Logic Table: 2 Bit: 6,CLB DC Logic Table: 2 Bit: 7,CLB DC BASE FG,----- NOT USED -----,CLB DC Logic Table: 1 Bit: 7,CLB DC Logic Table: 1 Bit: 6,CLB DC Logic Table: 1 Bit: 4,CLB DC Logic Table: 1 Bit: 5,CLB DC Logic Table: 1 Bit: 3,CLB DC Logic Table: 1 Bit: 2,CLB DC Logic Table: 1 Bit: 0,CLB DC Logic Table: 1 Bit: 1,CLB DB Logic Table: 2 Bit: 1,CLB DB Logic Table: 2 Bit: 0,CLB DB Logic Table: 2 Bit: 2,CLB DB Logic Table: 2 Bit: 3,CLB DB Logic Table: 2 Bit: 5,CLB DB Logic Table: 2 Bit: 4,CLB DB Logic Table: 2 Bit: 6,CLB DB Logic Table: 2 Bit: 7,CLB DB BASE FG,----- NOT USED -----,CLB DB Logic Table: 1 Bit: 7,CLB DB Logic Table: 1 Bit: 6,CLB DB Logic Table: 1 Bit: 4,CLB DB Logic Table: 1 Bit: 5,CLB DB Logic Table: 1 Bit: 3,CLB DB Logic Table: 1 Bit: 2,CLB DB Logic Table: 1 Bit: 0,CLB DB Logic Table: 1 Bit: 1,CLB DA Logic Table: 2 Bit: 1,CLB DA Logic Table: 2 Bit: 0,CLB DA Logic Table: 2 Bit: 2,CLB DA Logic Table: 2 Bit: 3,CLB DA Logic Table: 2 Bit: 5,CLB DA Logic Table: 2 Bit: 4,CLB DA Logic Table: 2 Bit: 6,CLB DA Logic Table: 2 Bit: 7,CLB DA BASE FG,----- NOT USED -----,CLB DA Logic Table: 1 Bit: 7,CLB DA Logic Table: 1 Bit: 6,CLB DA Logic Table: 1 Bit: 4,CLB DA Logic Table: 1 Bit: 5,CLB DA Logic Table: 1 Bit: 3,CLB DA Logic Table: 1 Bit: 2,CLB DA Logic Table: 1 Bit: 0,CLB DA Logic Table: 1 Bit: 1,IOB P17.O MuxBit: 0,IOB P17.I PAD/Latched,----- NOT USED -----
IOB P54.I PAD/Latched,IOB P54,IOB P54.T MuxBit: 2,PIP  172G92,PIP  169G92,PIP  175G92,IOB P53.O MuxBit: 3,IOB P53.O MuxBit: 4,----- NOT USED -----,CLB DH Logic Table: 2 Mux C/D/Q Bit: 1,CLB DH Logic Table: 2 Mux C/D/Q Bit: 0,----- NOT USED -----,----- NOT USED -----,----- NOT USED -----,CLB DH Logic Table: 2 Mux B/C,CLB DH Logic Table: 2 Mux A/B,----- NOT USED -----,----- NOT USED -----,----- NOT USED -----,CLB DH Logic Table: 1 Mux A/B,CLB DH Logic Table: 1 Mux B/C,----- NOT USED -----,----- NOT USED -----,----- NOT USED -----,----- NOT USED -----,CLB DH Logic Table: 1 Mux C/D/Q Bit: 0,CLB DH Logic Table: 1 Mux C/D/Q Bit: 1,CLB DG Logic Table: 2 Mux C/D/Q Bit: 1,CLB DG Logic Table: 2 Mux C/D/Q Bit: 0,----- NOT USED -----,----- NOT USED -----,----- NOT USED -----,CLB DG Logic Table: 2 Mux B/C,CLB DG Logic Table: 2 Mux A/B,----- NOT USED -----,----- NOT USED -----,----- NOT USED -----,CLB DG Logic Table: 1 Mux A/B,CLB DG Logic Table: 1 Mux B/C,----- NOT USED -----,----- NOT USED -----,----- NOT USED -----,----- NOT USED -----,CLB DG Logic Table: 1 Mux C/D/Q Bit: 0,CLB DG Logic Table: 1 Mux C/D/Q Bit: 1,----- NOT USED -----,----- NOT USED -----,CLB DF Logic Table: 2 Mux C/D/Q Bit: 1,CLB DF Logic Table: 2 Mux C/D/Q Bit: 0,----- NOT USED -----,----- NOT USED -----,----- NOT USED -----,CLB DF Logic Table: 2 Mux B/C,CLB DF Logic Table: 2 Mux A/B,----- NOT USED -----,----- NOT USED -----,----- NOT USED -----,CLB DF Logic Table: 1 Mux A/B,CLB DF Logic Table: 1 Mux B/C,----- NOT USED -----,----- NOT USED -----,----- NOT USED -----,----- NOT USED -----,CLB DF Logic Table: 1 Mux C/D/Q Bit: 0,CLB DF Logic Table: 1 Mux C/D/Q Bit: 1,CLB DE Logic Table: 2 Mux C/D/Q Bit: 1,CLB DE Logic Table: 2 Mux C/D/Q Bit: 0,----- NOT USED -----,----- NOT USED -----,----- NOT USED -----,CLB DE Logic Table: 2 Mux B/C,CLB DE Logic Table: 2 Mux A/B,----- NOT USED -----,----- NOT USED -----,----- NOT USED -----,CLB DE Logic Table: 1 Mux A/B,CLB DE Logic Table: 1 Mux B/C,----- NOT USED -----,----- NOT USED -----,----- NOT USED -----,----- NOT USED -----,CLB DE Logic Table: 1 Mux C/D/Q Bit: 0,CLB DE Logic Table: 1 Mux C/D/Q Bit: 1,CLB DD Logic Table: 2 Mux C/D/Q Bit: 1,CLB DD Logic Table: 2 Mux C/D/Q Bit: 0,----- NOT USED -----,----- NOT USED -----,----- NOT USED -----,CLB DD Logic Table: 2 Mux B/C,CLB DD Logic Table: 2 Mux A/B,----- NOT USED -----,----- NOT USED -----,----- NOT USED -----,CLB DD Logic Table: 1 Mux A/B,CLB DD Logic Table: 1 Mux B/C,----- NOT USED -----,----- NOT USED -----,----- NOT USED -----,----- NOT USED -----,CLB DD Logic Table: 1 Mux C/D/Q Bit: 0,CLB DD Logic Table: 1 Mux C/D/Q Bit: 1,----- NOT USED -----,----- NOT USED -----,CLB DC Logic Table: 2 Mux C/D/Q Bit: 1,CLB DC Logic Table: 2 Mux C/D/Q Bit: 0,----- NOT USED -----,----- NOT USED -----,----- NOT USED -----,CLB DC Logic Table: 2 Mux B/C,CLB DC Logic Table: 2 Mux A/B,----- NOT USED -----,----- NOT USED -----,----- NOT USED -----,CLB DC Logic Table: 1 Mux A/B,CLB DC Logic Table: 1 Mux B/C,----- NOT USED -----,----- NOT USED -----,----- NOT USED -----,----- NOT USED -----,CLB DC Logic Table: 1 Mux C/D/Q Bit: 0,CLB DC Logic Table: 1 Mux C/D/Q Bit: 1,CLB DB Logic Table: 2 Mux C/D/Q Bit: 1,CLB DB Logic Table: 2 Mux C/D/Q Bit: 0,----- NOT USED -----,----- NOT USED -----,----- NOT USED -----,CLB DB Logic Table: 2 Mux B/C,CLB DB Logic Table: 2 Mux A/B,----- NOT USED -----,----- NOT USED -----,----- NOT USED -----,CLB DB Logic Table: 1 Mux A/B,CLB DB Logic Table: 1 Mux B/C,----- NOT USED -----,----- NOT USED -----,----- NOT USED -----,----- NOT USED -----,CLB DB Logic Table: 1 Mux C/D/Q Bit: 0,CLB DB Logic Table: 1 Mux C/D/Q Bit: 1,CLB DA Logic Table: 2 Mux C/D/Q Bit: 1,CLB DA Logic Table: 2 Mux C/D/Q Bit: 0,----- NOT USED -----,----- NOT USED -----,----- NOT USED -----,CLB DA Logic Table: 2 Mux B/C,CLB DA Logic Table: 2 Mux A/B,----- NOT USED -----,----- NOT USED -----,----- NOT USED -----,CLB DA Logic Table: 1 Mux A/B,CLB DA Logic Table: 1 Mux B/C,----- NOT USED -----,----- NOT USED -----,----- NOT USED -----,----- NOT USED -----,CLB DA Logic Table: 1 Mux C/D/Q Bit: 0,CLB DA Logic Table: 1 Mux C/D/Q Bit: 1,IOB P17.O MuxBit: 3,IOB P17.O MuxBit: 2,IOB P17.O MuxBit: 1
IOB P54.O MuxBit: 1,IOB P54.O MuxBit: 2,IOB P54.O MuxBit: 4,IOB P54.O MuxBit: 3,----- NOT USED -----,IOB P53.T MuxBit: 2,PIP  168G101,PIP  178G92,----- NOT USED -----,----- NOT USED -----,----- NOT USED -----,----- NOT USED -----,----- NOT USED -----,CLB DH.Y F/M or Q,CLB DH.Y G,CLB DH.X G,CLB DH.X F/M or Q,CLB DH Select Latch/FF,----- NOT USED -----,----- NOT USED -----,----- NOT USED -----,----- NOT USED -----,----- NOT USED -----,CLB DH Set A/F,CLB DH Set-Enable,CLB DH Reset-Enable,CLB DH Reset D/G,----- NOT USED -----,----- NOT USED -----,----- NOT USED -----,----- NOT USED -----,CLB DG.Y F/M or Q,CLB DG.Y G,CLB DG.X G,CLB DG.X F/M or Q,CLB DG Select Latch/FF,----- NOT USED -----,----- NOT USED -----,----- NOT USED -----,----- NOT USED -----,----- NOT USED -----,CLB DG Set A/F,CLB DG Set-Enable,CLB DG Reset-Enable,CLB DG Reset D/G,----- NOT USED -----,----- NOT USED -----,----- NOT USED -----,----- NOT USED -----,----- NOT USED -----,----- NOT USED -----,CLB DF.Y F/M or Q,CLB DF.Y G,CLB DF.X G,CLB DF.X F/M or Q,CLB DF Select Latch/FF,----- NOT USED -----,----- NOT USED -----,----- NOT USED -----,----- NOT USED -----,----- NOT USED -----,CLB DF Set A/F,CLB DF Set-Enable,CLB DF Reset-Enable,CLB DF Reset D/G,----- NOT USED -----,----- NOT USED -----,----- NOT USED -----,----- NOT USED -----,CLB DE.Y F/M or Q,CLB DE.Y G,CLB DE.X G,CLB DE.X F/M or Q,CLB DE Select Latch/FF,----- NOT USED -----,----- NOT USED -----,----- NOT USED -----,----- NOT USED -----,----- NOT USED -----,CLB DE Set A/F,CLB DE Set-Enable,CLB DE Reset-Enable,CLB DE Reset D/G,----- NOT USED -----,----- NOT USED -----,----- NOT USED -----,----- NOT USED -----,CLB DD.Y F/M or Q,CLB DD.Y G,CLB DD.X G,CLB DD.X F/M or Q,CLB DD Select Latch/FF,----- NOT USED -----,----- NOT USED -----,----- NOT USED -----,----- NOT USED -----,----- NOT USED -----,CLB DD Set A/F,CLB DD Set-Enable,CLB DD Reset-Enable,CLB DD Reset D/G,----- NOT USED -----,----- NOT USED -----,----- NOT USED -----,----- NOT USED -----,----- NOT USED -----,----- NOT USED -----,CLB DC.Y F/M or Q,CLB DC.Y G,CLB DC.X G,CLB DC.X F/M or Q,CLB DC Select Latch/FF,----- NOT USED -----,----- NOT USED -----,----- NOT USED -----,----- NOT USED -----,----- NOT USED -----,CLB DC Set A/F,CLB DC Set-Enable,CLB DC Reset-Enable,CLB DC Reset D/G,----- NOT USED -----,----- NOT USED -----,----- NOT USED -----,----- NOT USED -----,CLB DB.Y F/M or Q,CLB DB.Y G,CLB DB.X G,CLB DB.X F/M or Q,CLB DB Select Latch/FF,----- NOT USED -----,----- NOT USED -----,----- NOT USED -----,----- NOT USED -----,----- NOT USED -----,CLB DB Set A/F,CLB DB Set-Enable,CLB DB Reset-Enable,CLB DB Reset D/G,----- NOT USED -----,----- NOT USED -----,----- NOT USED -----,----- NOT USED -----,CLB DA.Y F/M or Q,CLB DA.Y G,CLB DA.X G,CLB DA.X F/M or Q,CLB DA Select Latch/FF,----- NOT USED -----,----- NOT USED -----,----- NOT USED -----,----- NOT USED -----,----- NOT USED -----,CLB DA Set A/F,CLB DA Set-Enable,CLB DA Reset-Enable,CLB DA Reset D/G,IOB P17.T MuxBit: 2,IOB P17.T MuxBit: 1,IOB P17.T MuxBit: 0
----- NOT USED -----,IOB P54.O MuxBit: 0,PIP  170G97,PIP  173G97,PIP  172G94,PIP  169G94,PIP  175G94,PIP  178G94,PIP  176G97,CLB CH.D MuxBit: 3,CLB DH.A MuxBit: 3,CLB DH.A MuxBit: 0,CLB DH.A MuxBit: 2,CLB CH.D MuxBit: 2,CLB CH.D MuxBit: 1,PIP  150G94,PIP  156G94,PIP  155G98,----- NOT USED -----,PIP  148G98,CLB DH CLK enable,CLB DH CLK Invert,CLB DH,CLB DH.K MuxBit: 0,CLB DH.K MuxBit: 1,PIP  153G94,PIP  147G94,CLB CG.D MuxBit: 3,CLB DG.A MuxBit: 3,CLB DG.A MuxBit: 0,CLB DG.A MuxBit: 2,CLB CG.D MuxBit: 2,CLB CG.D MuxBit: 1,PIP  130G94,PIP  136G94,PIP  135G98,----- NOT USED -----,PIP  128G98,CLB DG CLK enable,CLB DG CLK Invert,CLB DG,CLB DG.K MuxBit: 0,CLB DG.K MuxBit: 1,PIP  133G94,PIP  127G94,Bidi 125G103,Bidi 125G107,CLB CF.D MuxBit: 3,CLB DF.A MuxBit: 3,CLB DF.A MuxBit: 0,CLB DF.A MuxBit: 2,CLB CF.D MuxBit: 2,CLB CF.D MuxBit: 1,PIP  110G94,PIP  116G94,PIP  115G98,----- NOT USED -----,PIP  108G98,CLB DF CLK enable,CLB DF CLK Invert,CLB DF,CLB DF.K MuxBit: 0,CLB DF.K MuxBit: 1,PIP  113G94,PIP  107G94,CLB CE.D MuxBit: 3,CLB DE.A MuxBit: 3,CLB DE.A MuxBit: 0,CLB DE.A MuxBit: 2,CLB CE.D MuxBit: 2,CLB CE.D MuxBit: 1,PIP  90G94,PIP  96G94,PIP  95G98,----- NOT USED -----,PIP  88G98,CLB DE CLK enable,CLB DE CLK Invert,CLB DE,CLB DE.K MuxBit: 0,CLB DE.K MuxBit: 1,PIP  93G94,PIP  87G94,CLB CD.D MuxBit: 3,CLB DD.A MuxBit: 3,CLB DD.A MuxBit: 0,CLB DD.A MuxBit: 2,CLB CD.D MuxBit: 2,CLB CD.D MuxBit: 1,PIP  70G94,PIP  76G94,PIP  75G98,----- NOT USED -----,PIP  68G98,CLB DD CLK enable,CLB DD CLK Invert,CLB DD,CLB DD.K MuxBit: 0,CLB DD.K MuxBit: 1,PIP  73G94,PIP  67G94,Bidi 65G103,Bidi 65G107,CLB CC.D MuxBit: 3,CLB DC.A MuxBit: 3,CLB DC.A MuxBit: 0,CLB DC.A MuxBit: 2,CLB CC.D MuxBit: 2,CLB CC.D MuxBit: 1,PIP  50G94,PIP  56G94,PIP  55G98,----- NOT USED -----,PIP  48G98,CLB DC CLK enable,CLB DC CLK Invert,CLB DC,CLB DC.K MuxBit: 0,CLB DC.K MuxBit: 1,PIP  53G94,PIP  47G94,CLB CB.D MuxBit: 3,CLB DB.A MuxBit: 3,CLB DB.A MuxBit: 0,CLB DB.A MuxBit: 2,CLB CB.D MuxBit: 2,CLB CB.D MuxBit: 1,PIP  30G94,PIP  36G94,PIP  35G98,----- NOT USED -----,PIP  28G98,CLB DB CLK enable,CLB DB CLK Invert,CLB DB,CLB DB.K MuxBit: 0,CLB DB.K MuxBit: 1,PIP  33G94,PIP  27G94,CLB CA.D MuxBit: 3,CLB DA.A MuxBit: 3,CLB DA.A MuxBit: 0,CLB DA.A MuxBit: 2,CLB CA.D MuxBit: 2,CLB CA.D MuxBit: 1,----- NOT USED -----,PIP  12G92,PIP  11G99,----- NOT USED -----,PIP  6G92,CLB DA CLK enable,CLB DA CLK Invert,CLB DA,CLB DA.K MuxBit: 0,CLB DA.K MuxBit: 1,PIP  3G99,PIP  5G99,IOB P16.T MuxBit: 2,IOB P16.T MuxBit: 1,IOB P16.T MuxBit: 0
PIP  170G99,PIP  168G107,PIP  173G99,PIP  165G106,PIP  165G103,PIP  169G103,PIP  170G104,PIP  168G104,PIP  176G99,----- NOT USED -----,----- NOT USED -----,----- NOT USED -----,----- NOT USED -----,----- NOT USED -----,----- NOT USED -----,CLB DH.B MuxBit: 0,CLB DH.B MuxBit: 5,CLB DH.C MuxBit: 0,PIP  151G98,CLB DH.C MuxBit: 4,CLB DH.B MuxBit: 2,CLB DH.C MuxBit: 2,CLB DH.C MuxBit: 3,CLB DH.B MuxBit: 3,CLB DH.B MuxBit: 1,CLB DH.C MuxBit: 1,CLB DH.B MuxBit: 4,----- NOT USED -----,----- NOT USED -----,----- NOT USED -----,----- NOT USED -----,----- NOT USED -----,----- NOT USED -----,CLB DG.B MuxBit: 0,CLB DG.B MuxBit: 5,CLB DG.C MuxBit: 0,PIP  131G98,CLB DG.C MuxBit: 4,CLB DG.B MuxBit: 2,CLB DG.C MuxBit: 2,CLB DG.C MuxBit: 3,CLB DG.B MuxBit: 3,CLB DG.B MuxBit: 1,CLB DG.C MuxBit: 1,CLB DG.B MuxBit: 4,----- NOT USED -----,----- NOT USED -----,----- NOT USED -----,----- NOT USED -----,----- NOT USED -----,----- NOT USED -----,----- NOT USED -----,----- NOT USED -----,CLB DF.B MuxBit: 0,CLB DF.B MuxBit: 5,CLB DF.C MuxBit: 0,PIP  111G98,CLB DF.C MuxBit: 4,CLB DF.B MuxBit: 2,CLB DF.C MuxBit: 2,CLB DF.C MuxBit: 3,CLB DF.B MuxBit: 3,CLB DF.B MuxBit: 1,CLB DF.C MuxBit: 1,CLB DF.B MuxBit: 4,----- NOT USED -----,----- NOT USED -----,----- NOT USED -----,----- NOT USED -----,----- NOT USED -----,----- NOT USED -----,CLB DE.B MuxBit: 0,CLB DE.B MuxBit: 5,CLB DE.C MuxBit: 0,PIP  91G98,CLB DE.C MuxBit: 4,CLB DE.B MuxBit: 2,CLB DE.C MuxBit: 2,CLB DE.C MuxBit: 3,CLB DE.B MuxBit: 3,CLB DE.B MuxBit: 1,CLB DE.C MuxBit: 1,CLB DE.B MuxBit: 4,----- NOT USED -----,----- NOT USED -----,----- NOT USED -----,----- NOT USED -----,----- NOT USED -----,----- NOT USED -----,CLB DD.B MuxBit: 0,CLB DD.B MuxBit: 5,CLB DD.C MuxBit: 0,PIP  71G98,CLB DD.C MuxBit: 4,CLB DD.B MuxBit: 2,CLB DD.C MuxBit: 2,CLB DD.C MuxBit: 3,CLB DD.B MuxBit: 3,CLB DD.B MuxBit: 1,CLB DD.C MuxBit: 1,CLB DD.B MuxBit: 4,----- NOT USED -----,----- NOT USED -----,----- NOT USED -----,----- NOT USED -----,----- NOT USED -----,----- NOT USED -----,----- NOT USED -----,----- NOT USED -----,CLB DC.B MuxBit: 0,CLB DC.B MuxBit: 5,CLB DC.C MuxBit: 0,PIP  51G98,CLB DC.C MuxBit: 4,CLB DC.B MuxBit: 2,CLB DC.C MuxBit: 2,CLB DC.C MuxBit: 3,CLB DC.B MuxBit: 3,CLB DC.B MuxBit: 1,CLB DC.C MuxBit: 1,CLB DC.B MuxBit: 4,----- NOT USED -----,----- NOT USED -----,----- NOT USED -----,----- NOT USED -----,----- NOT USED -----,----- NOT USED -----,CLB DB.B MuxBit: 0,CLB DB.B MuxBit: 5,CLB DB.C MuxBit: 0,PIP  31G98,CLB DB.C MuxBit: 4,CLB DB.B MuxBit: 2,CLB DB.C MuxBit: 2,CLB DB.C MuxBit: 3,CLB DB.B MuxBit: 3,CLB DB.B MuxBit: 1,CLB DB.C MuxBit: 1,CLB DB.B MuxBit: 4,----- NOT USED -----,----- NOT USED -----,----- NOT USED -----,----- NOT USED -----,----- NOT USED -----,----- NOT USED -----,CLB DA.B MuxBit: 0,CLB DA.B MuxBit: 5,CLB DA.C MuxBit: 0,PIP  9G92,CLB DA.C MuxBit: 4,CLB DA.B MuxBit: 2,CLB DA.C MuxBit: 2,CLB DA.C MuxBit: 3,CLB DA.B MuxBit: 3,CLB DA.B MuxBit: 1,CLB DA.C MuxBit: 1,CLB DA.B MuxBit: 4,----- NOT USED -----,----- NOT USED -----,----- NOT USED -----
PIP  170G107,PIP  170G101,Magic @ 172G108 6 8,Magic @ 172G108 6 7,PIP  172G101,PIP  169G101,PIP  169G106,PIP  178G101,PIP  176G101,----- NOT USED -----,Magic @ 150G105 3 5,CLB CH.D MuxBit: 0,PIP  151G101,CLB DH.A MuxBit: 1,PIP  156G104,PIP  156G107,PIP  155G103,Magic @ 150G105 2 8,Magic @ 147G108 1 3,PIP  155G106,PIP  154G106,PIP  154G104,PIP  153G104,PIP  153G106,PIP  153G108,PIP  147G101,Magic @ 147G108 6 8,----- NOT USED -----,Magic @ 130G105 3 5,CLB CG.D MuxBit: 0,PIP  131G101,CLB DG.A MuxBit: 1,PIP  136G104,PIP  136G107,PIP  135G103,Magic @ 130G105 2 8,Magic @ 127G108 1 3,PIP  135G106,PIP  134G106,PIP  134G104,PIP  133G104,PIP  133G106,PIP  133G108,PIP  127G101,Magic @ 127G108 6 8,----- NOT USED -----,----- NOT USED -----,----- NOT USED -----,Magic @ 110G105 3 5,CLB CF.D MuxBit: 0,PIP  111G101,CLB DF.A MuxBit: 1,PIP  116G104,PIP  116G107,PIP  115G103,Magic @ 110G105 2 8,Magic @ 107G108 1 3,PIP  115G106,PIP  114G106,PIP  114G104,PIP  113G104,PIP  113G106,PIP  113G108,PIP  107G101,Magic @ 107G108 6 8,----- NOT USED -----,Magic @ 90G105 3 5,CLB CE.D MuxBit: 0,PIP  91G101,CLB DE.A MuxBit: 1,PIP  96G104,PIP  96G107,PIP  95G103,Magic @ 90G105 2 8,Magic @ 87G108 1 3,PIP  95G106,PIP  94G106,PIP  94G104,PIP  93G104,PIP  93G106,PIP  93G108,PIP  87G101,Magic @ 87G108 6 8,----- NOT USED -----,Magic @ 70G105 3 5,CLB CD.D MuxBit: 0,PIP  71G101,CLB DD.A MuxBit: 1,PIP  76G104,PIP  76G107,PIP  75G103,Magic @ 70G105 2 8,Magic @ 67G108 1 3,PIP  75G106,PIP  74G106,PIP  74G104,PIP  73G104,PIP  73G106,PIP  73G108,PIP  67G101,Magic @ 67G108 6 8,----- NOT USED -----,----- NOT USED -----,----- NOT USED -----,Magic @ 50G105 3 5,CLB CC.D MuxBit: 0,PIP  51G101,CLB DC.A MuxBit: 1,PIP  56G104,PIP  56G107,PIP  55G103,Magic @ 50G105 2 8,Magic @ 47G108 1 3,PIP  55G106,PIP  54G106,PIP  54G104,PIP  53G104,PIP  53G106,PIP  53G108,PIP  47G101,Magic @ 47G108 6 8,----- NOT USED -----,Magic @ 30G105 3 5,CLB CB.D MuxBit: 0,PIP  31G101,CLB DB.A MuxBit: 1,PIP  36G104,PIP  36G107,PIP  35G103,Magic @ 30G105 2 8,Magic @ 27G108 1 3,PIP  35G106,PIP  34G106,PIP  34G104,PIP  33G104,PIP  33G106,PIP  33G108,PIP  27G101,Magic @ 27G108 6 8,----- NOT USED -----,Magic @ 8G105 1 5,CLB CA.D MuxBit: 0,PIP  9G101,CLB DA.A MuxBit: 1,PIP  12G101,PIP  8G99,PIP  14G103,Magic @ 8G105 2 4,PIP  12G106,PIP  11G101,PIP  11G107,PIP  17G104,PIP  17G101,Magic @ 5G108 3 1,PIP  3G101,PIP  5G101,IOB P16.O MuxBit: 0,----- NOT USED -----,----- NOT USED -----,----- NOT USED -----
Magic @ 172G108 7 1,Magic @ 172G108 1 8,Magic @ 172G108 2 5,Magic @ 172G108 1 6,Magic @ 175G105 6 7,Magic @ 175G105 6 2,Magic @ 175G105 6 8,Magic @ 175G105 5 7,Magic @ 175G105 2 5,Magic @ 150G105 4 5,Magic @ 150G105 3 7,Magic @ 150G105 4 7,Magic @ 150G105 1 3,Magic @ 150G105 4 6,Magic @ 150G105 1 6,Magic @ 150G105 1 7,Magic @ 150G105 6 8,Magic @ 150G105 2 5,Magic @ 147G108 1 6,Magic @ 147G108 3 5,Magic @ 147G108 2 4,Magic @ 147G108 2 5,Magic @ 147G108 5 7,Magic @ 147G108 2 8,Magic @ 147G108 4 7,Magic @ 147G108 4 8,Magic @ 147G108 6 7,Magic @ 130G105 4 5,Magic @ 130G105 3 7,Magic @ 130G105 4 7,Magic @ 130G105 1 3,Magic @ 130G105 4 6,Magic @ 130G105 1 6,Magic @ 130G105 1 7,Magic @ 130G105 6 8,Magic @ 130G105 2 5,Magic @ 127G108 1 6,Magic @ 127G108 3 5,Magic @ 127G108 2 4,Magic @ 127G108 2 5,Magic @ 127G108 5 7,Magic @ 127G108 2 8,Magic @ 127G108 4 7,Magic @ 127G108 4 8,Magic @ 127G108 6 7,----- NOT USED -----,----- NOT USED -----,Magic @ 110G105 4 5,Magic @ 110G105 3 7,Magic @ 110G105 4 7,Magic @ 110G105 1 3,Magic @ 110G105 4 6,Magic @ 110G105 1 6,Magic @ 110G105 1 7,Magic @ 110G105 6 8,Magic @ 110G105 2 5,Magic @ 107G108 1 6,Magic @ 107G108 3 5,Magic @ 107G108 2 4,Magic @ 107G108 2 5,Magic @ 107G108 5 7,Magic @ 107G108 2 8,Magic @ 107G108 4 7,Magic @ 107G108 4 8,Magic @ 107G108 6 7,Magic @ 90G105 4 5,Magic @ 90G105 3 7,Magic @ 90G105 4 7,Magic @ 90G105 1 3,Magic @ 90G105 4 6,Magic @ 90G105 1 6,Magic @ 90G105 1 7,Magic @ 90G105 6 8,Magic @ 90G105 2 5,Magic @ 87G108 1 6,Magic @ 87G108 3 5,Magic @ 87G108 2 4,Magic @ 87G108 2 5,Magic @ 87G108 5 7,Magic @ 87G108 2 8,Magic @ 87G108 4 7,Magic @ 87G108 4 8,Magic @ 87G108 6 7,Magic @ 70G105 4 5,Magic @ 70G105 3 7,Magic @ 70G105 4 7,Magic @ 70G105 1 3,Magic @ 70G105 4 6,Magic @ 70G105 1 6,Magic @ 70G105 1 7,Magic @ 70G105 6 8,Magic @ 70G105 2 5,Magic @ 67G108 1 6,Magic @ 67G108 3 5,Magic @ 67G108 2 4,Magic @ 67G108 2 5,Magic @ 67G108 5 7,Magic @ 67G108 2 8,Magic @ 67G108 4 7,Magic @ 67G108 4 8,Magic @ 67G108 6 7,----- NOT USED -----,----- NOT USED -----,Magic @ 50G105 4 5,Magic @ 50G105 3 7,Magic @ 50G105 4 7,Magic @ 50G105 1 3,Magic @ 50G105 4 6,Magic @ 50G105 1 6,Magic @ 50G105 1 7,Magic @ 50G105 6 8,Magic @ 50G105 2 5,Magic @ 47G108 1 6,Magic @ 47G108 3 5,Magic @ 47G108 2 4,Magic @ 47G108 2 5,Magic @ 47G108 5 7,Magic @ 47G108 2 8,Magic @ 47G108 4 7,Magic @ 47G108 4 8,Magic @ 47G108 6 7,Magic @ 30G105 4 5,Magic @ 30G105 3 7,Magic @ 30G105 4 7,Magic @ 30G105 1 3,Magic @ 30G105 4 6,Magic @ 30G105 1 6,Magic @ 30G105 1 7,Magic @ 30G105 6 8,Magic @ 30G105 2 5,Magic @ 27G108 1 6,Magic @ 27G108 3 5,Magic @ 27G108 2 4,Magic @ 27G108 2 5,Magic @ 27G108 5 7,Magic @ 27G108 2 8,Magic @ 27G108 4 7,Magic @ 27G108 4 8,Magic @ 27G108 6 7,Magic @ 8G105 4 5,Magic @ 8G105 1 3,Magic @ 8G105 2 5,Magic @ 8G105 3 2,----- NOT USED -----,----- NOT USED -----,----- NOT USED -----,----- NOT USED -----,----- NOT USED -----,----- NOT USED -----,----- NOT USED -----,----- NOT USED -----,----- NOT USED -----,----- NOT USED -----,----- NOT USED -----,----- NOT USED -----,----- NOT USED -----,----- NOT USED -----,----- NOT USED -----,----- NOT USED -----,----- NOT USED -----
Magic @ 172G108 5 7,Magic @ 172G108 2 8,Magic @ 172G108 1 5,Magic @ 172G108 6 2,Magic @ 175G105 1 7,Magic @ 175G105 1 6,Magic @ 175G105 8 1,Magic @ 175G105 5 1,Magic @ 175G105 8 2,Magic @ 150G105 2 4,Magic @ 150G105 2 3,Magic @ 150G105 4 8,Magic @ 150G105 3 8,Magic @ 150G105 2 6,Magic @ 150G105 1 5,Magic @ 150G105 1 8,Magic @ 150G105 6 7,Magic @ 150G105 5 7,Magic @ 147G108 4 6,Magic @ 147G108 4 5,Magic @ 147G108 2 3,Magic @ 147G108 2 6,Magic @ 147G108 1 5,Magic @ 147G108 3 8,Magic @ 147G108 3 7,Magic @ 147G108 1 8,Magic @ 147G108 1 7,Magic @ 130G105 2 4,Magic @ 130G105 2 3,Magic @ 130G105 4 8,Magic @ 130G105 3 8,Magic @ 130G105 2 6,Magic @ 130G105 1 5,Magic @ 130G105 1 8,Magic @ 130G105 6 7,Magic @ 130G105 5 7,Magic @ 127G108 4 6,Magic @ 127G108 4 5,Magic @ 127G108 2 3,Magic @ 127G108 2 6,Magic @ 127G108 1 5,Magic @ 127G108 3 8,Magic @ 127G108 3 7,Magic @ 127G108 1 8,Magic @ 127G108 1 7,----- NOT USED -----,Bidi 125G106,Magic @ 110G105 2 4,Magic @ 110G105 2 3,Magic @ 110G105 4 8,Magic @ 110G105 3 8,Magic @ 110G105 2 6,Magic @ 110G105 1 5,Magic @ 110G105 1 8,Magic @ 110G105 6 7,Magic @ 110G105 5 7,Magic @ 107G108 4 6,Magic @ 107G108 4 5,Magic @ 107G108 2 3,Magic @ 107G108 2 6,Magic @ 107G108 1 5,Magic @ 107G108 3 8,Magic @ 107G108 3 7,Magic @ 107G108 1 8,Magic @ 107G108 1 7,Magic @ 90G105 2 4,Magic @ 90G105 2 3,Magic @ 90G105 4 8,Magic @ 90G105 3 8,Magic @ 90G105 2 6,Magic @ 90G105 1 5,Magic @ 90G105 1 8,Magic @ 90G105 6 7,Magic @ 90G105 5 7,Magic @ 87G108 4 6,Magic @ 87G108 4 5,Magic @ 87G108 2 3,Magic @ 87G108 2 6,Magic @ 87G108 1 5,Magic @ 87G108 3 8,Magic @ 87G108 3 7,Magic @ 87G108 1 8,Magic @ 87G108 1 7,Magic @ 70G105 2 4,Magic @ 70G105 2 3,Magic @ 70G105 4 8,Magic @ 70G105 3 8,Magic @ 70G105 2 6,Magic @ 70G105 1 5,Magic @ 70G105 1 8,Magic @ 70G105 6 7,Magic @ 70G105 5 7,Magic @ 67G108 4 6,Magic @ 67G108 4 5,Magic @ 67G108 2 3,Magic @ 67G108 2 6,Magic @ 67G108 1 5,Magic @ 67G108 3 8,Magic @ 67G108 3 7,Magic @ 67G108 1 8,Magic @ 67G108 1 7,----- NOT USED -----,Bidi 65G106,Magic @ 50G105 2 4,Magic @ 50G105 2 3,Magic @ 50G105 4 8,Magic @ 50G105 3 8,Magic @ 50G105 2 6,Magic @ 50G105 1 5,Magic @ 50G105 1 8,Magic @ 50G105 6 7,Magic @ 50G105 5 7,Magic @ 47G108 4 6,Magic @ 47G108 4 5,Magic @ 47G108 2 3,Magic @ 47G108 2 6,Magic @ 47G108 1 5,Magic @ 47G108 3 8,Magic @ 47G108 3 7,Magic @ 47G108 1 8,Magic @ 47G108 1 7,Magic @ 30G105 2 4,Magic @ 30G105 2 3,Magic @ 30G105 4 8,Magic @ 30G105 3 8,Magic @ 30G105 2 6,Magic @ 30G105 1 5,Magic @ 30G105 1 8,Magic @ 30G105 6 7,Magic @ 30G105 5 7,Magic @ 27G108 4 6,Magic @ 27G108 4 5,Magic @ 27G108 2 3,Magic @ 27G108 2 6,Magic @ 27G108 1 5,Magic @ 27G108 3 8,Magic @ 27G108 3 7,Magic @ 27G108 1 8,Magic @ 27G108 1 7,Magic @ 8G105 4 6,Magic @ 8G105 1 6,Magic @ 8G105 3 5,Magic @ 8G105 2 6,----- NOT USED -----,----- NOT USED -----,----- NOT USED -----,----- NOT USED -----,Magic @ 5G108 4 2,Magic @ 5G108 4 5,Magic @ 5G108 3 5,Magic @ 5G108 3 2,Magic @ 5G108 2 5,Magic @ 5G108 1 5,Magic @ 5G108 2 6,Magic @ 5G108 4 6,Magic @ 5G108 1 6,IOB P16.O MuxBit: 1,IOB P16.O MuxBit: 2,IOB P16.O MuxBit: 3,IOB P16.I PAD/Latched
----- NOT USED -----,Bidi 173G109,Bidi 175G109,----- NOT USED -----,----- NOT USED -----,----- NOT USED -----,----- NOT USED -----,----- NOT USED -----,Bidi 176G109,Bidi 151G109,----- NOT USED -----,----- NOT USED -----,----- NOT USED -----,----- NOT USED -----,----- NOT USED -----,Bidi 150G109,----- NOT USED -----,----- NOT USED -----,Bidi 148G109,----- NOT USED -----,Bidi 153G109,----- NOT USED -----,----- NOT USED -----,----- NOT USED -----,----- NOT USED -----,----- NOT USED -----,Bidi 147G109,Bidi 131G109,----- NOT USED -----,----- NOT USED -----,----- NOT USED -----,----- NOT USED -----,----- NOT USED -----,Bidi 130G109,----- NOT USED -----,----- NOT USED -----,Bidi 128G109,----- NOT USED -----,Bidi 133G109,----- NOT USED -----,----- NOT USED -----,----- NOT USED -----,----- NOT USED -----,----- NOT USED -----,Bidi 127G109,----- NOT USED -----,----- NOT USED -----,Bidi 111G109,----- NOT USED -----,----- NOT USED -----,----- NOT USED -----,----- NOT USED -----,----- NOT USED -----,Bidi 110G109,----- NOT USED -----,----- NOT USED -----,Bidi 108G109,----- NOT USED -----,Bidi 113G109,----- NOT USED -----,----- NOT USED -----,----- NOT USED -----,----- NOT USED -----,----- NOT USED -----,Bidi 107G109,Bidi 91G109,----- NOT USED -----,----- NOT USED -----,----- NOT USED -----,----- NOT USED -----,----- NOT USED -----,Bidi 90G109,----- NOT USED -----,----- NOT USED -----,Bidi 88G109,----- NOT USED -----,Bidi 93G109,----- NOT USED -----,----- NOT USED -----,----- NOT USED -----,----- NOT USED -----,----- NOT USED -----,Bidi 87G109,Bidi 71G109,----- NOT USED -----,----- NOT USED -----,----- NOT USED -----,----- NOT USED -----,----- NOT USED -----,Bidi 70G109,----- NOT USED -----,----- NOT USED -----,Bidi 68G109,----- NOT USED -----,Bidi 73G109,----- NOT USED -----,----- NOT USED -----,----- NOT USED -----,----- NOT USED -----,----- NOT USED -----,Bidi 67G109,----- NOT USED -----,----- NOT USED -----,Bidi 51G109,----- NOT USED -----,----- NOT USED -----,----- NOT USED -----,----- NOT USED -----,----- NOT USED -----,Bidi 50G109,----- NOT USED -----,----- NOT USED -----,Bidi 48G109,----- NOT USED -----,Bidi 53G109,----- NOT USED -----,----- NOT USED -----,----- NOT USED -----,----- NOT USED -----,----- NOT USED -----,Bidi 47G109,Bidi 31G109,----- NOT USED -----,----- NOT USED -----,----- NOT USED -----,----- NOT USED -----,----- NOT USED -----,Bidi 30G109,----- NOT USED -----,----- NOT USED -----,Bidi 28G109,----- NOT USED -----,Bidi 33G109,----- NOT USED -----,----- NOT USED -----,----- NOT USED -----,----- NOT USED -----,----- NOT USED -----,Bidi 27G109,Bidi 9G109,----- NOT USED -----,----- NOT USED -----,----- NOT USED -----,----- NOT USED -----,----- NOT USED -----,Bidi 8G109,----- NOT USED -----,----- NOT USED -----,Bidi 6G109,----- NOT USED -----,----- NOT USED -----,----- NOT USED -----,----- NOT USED -----,----- NOT USED -----,----- NOT USED -----,----- NOT USED -----,Bidi 5G109,----- NOT USED -----,----- NOT USED -----,----- NOT USED -----
Bidi 172G109,----- NOT USED -----,IOB P55.I PAD/Latched,IOB P56.T MuxBit: 1,IOB P55,IOB P55.T MuxBit: 1,IOB P55.O MuxBit: 0,IOB P55.O MuxBit: 1,IOB P55.O MuxBit: 2,CLB CH Logic Table: 2 Bit: 1,CLB CH Logic Table: 2 Bit: 0,CLB CH Logic Table: 2 Bit: 2,CLB CH Logic Table: 2 Bit: 3,CLB CH Logic Table: 2 Bit: 5,CLB CH Logic Table: 2 Bit: 4,CLB CH Logic Table: 2 Bit: 6,CLB CH Logic Table: 2 Bit: 7,CLB CH BASE FG,----- NOT USED -----,CLB CH Logic Table: 1 Bit: 7,CLB CH Logic Table: 1 Bit: 6,CLB CH Logic Table: 1 Bit: 4,CLB CH Logic Table: 1 Bit: 5,CLB CH Logic Table: 1 Bit: 3,CLB CH Logic Table: 1 Bit: 2,CLB CH Logic Table: 1 Bit: 0,CLB CH Logic Table: 1 Bit: 1,CLB CG Logic Table: 2 Bit: 1,CLB CG Logic Table: 2 Bit: 0,CLB CG Logic Table: 2 Bit: 2,CLB CG Logic Table: 2 Bit: 3,CLB CG Logic Table: 2 Bit: 5,CLB CG Logic Table: 2 Bit: 4,CLB CG Logic Table: 2 Bit: 6,CLB CG Logic Table: 2 Bit: 7,CLB CG BASE FG,----- NOT USED -----,CLB CG Logic Table: 1 Bit: 7,CLB CG Logic Table: 1 Bit: 6,CLB CG Logic Table: 1 Bit: 4,CLB CG Logic Table: 1 Bit: 5,CLB CG Logic Table: 1 Bit: 3,CLB CG Logic Table: 1 Bit: 2,CLB CG Logic Table: 1 Bit: 0,CLB CG Logic Table: 1 Bit: 1,Bidi 125G123,----- NOT USED -----,CLB CF Logic Table: 2 Bit: 1,CLB CF Logic Table: 2 Bit: 0,CLB CF Logic Table: 2 Bit: 2,CLB CF Logic Table: 2 Bit: 3,CLB CF Logic Table: 2 Bit: 5,CLB CF Logic Table: 2 Bit: 4,CLB CF Logic Table: 2 Bit: 6,CLB CF Logic Table: 2 Bit: 7,CLB CF BASE FG,----- NOT USED -----,CLB CF Logic Table: 1 Bit: 7,CLB CF Logic Table: 1 Bit: 6,CLB CF Logic Table: 1 Bit: 4,CLB CF Logic Table: 1 Bit: 5,CLB CF Logic Table: 1 Bit: 3,CLB CF Logic Table: 1 Bit: 2,CLB CF Logic Table: 1 Bit: 0,CLB CF Logic Table: 1 Bit: 1,CLB CE Logic Table: 2 Bit: 1,CLB CE Logic Table: 2 Bit: 0,CLB CE Logic Table: 2 Bit: 2,CLB CE Logic Table: 2 Bit: 3,CLB CE Logic Table: 2 Bit: 5,CLB CE Logic Table: 2 Bit: 4,CLB CE Logic Table: 2 Bit: 6,CLB CE Logic Table: 2 Bit: 7,CLB CE BASE FG,----- NOT USED -----,CLB CE Logic Table: 1 Bit: 7,CLB CE Logic Table: 1 Bit: 6,CLB CE Logic Table: 1 Bit: 4,CLB CE Logic Table: 1 Bit: 5,CLB CE Logic Table: 1 Bit: 3,CLB CE Logic Table: 1 Bit: 2,CLB CE Logic Table: 1 Bit: 0,CLB CE Logic Table: 1 Bit: 1,CLB CD Logic Table: 2 Bit: 1,CLB CD Logic Table: 2 Bit: 0,CLB CD Logic Table: 2 Bit: 2,CLB CD Logic Table: 2 Bit: 3,CLB CD Logic Table: 2 Bit: 5,CLB CD Logic Table: 2 Bit: 4,CLB CD Logic Table: 2 Bit: 6,CLB CD Logic Table: 2 Bit: 7,CLB CD BASE FG,----- NOT USED -----,CLB CD Logic Table: 1 Bit: 7,CLB CD Logic Table: 1 Bit: 6,CLB CD Logic Table: 1 Bit: 4,CLB CD Logic Table: 1 Bit: 5,CLB CD Logic Table: 1 Bit: 3,CLB CD Logic Table: 1 Bit: 2,CLB CD Logic Table: 1 Bit: 0,CLB CD Logic Table: 1 Bit: 1,Bidi 65G123,----- NOT USED -----,CLB CC Logic Table: 2 Bit: 1,CLB CC Logic Table: 2 Bit: 0,CLB CC Logic Table: 2 Bit: 2,CLB CC Logic Table: 2 Bit: 3,CLB CC Logic Table: 2 Bit: 5,CLB CC Logic Table: 2 Bit: 4,CLB CC Logic Table: 2 Bit: 6,CLB CC Logic Table: 2 Bit: 7,CLB CC BASE FG,----- NOT USED -----,CLB CC Logic Table: 1 Bit: 7,CLB CC Logic Table: 1 Bit: 6,CLB CC Logic Table: 1 Bit: 4,CLB CC Logic Table: 1 Bit: 5,CLB CC Logic Table: 1 Bit: 3,CLB CC Logic Table: 1 Bit: 2,CLB CC Logic Table: 1 Bit: 0,CLB CC Logic Table: 1 Bit: 1,CLB CB Logic Table: 2 Bit: 1,CLB CB Logic Table: 2 Bit: 0,CLB CB Logic Table: 2 Bit: 2,CLB CB Logic Table: 2 Bit: 3,CLB CB Logic Table: 2 Bit: 5,CLB CB Logic Table: 2 Bit: 4,CLB CB Logic Table: 2 Bit: 6,CLB CB Logic Table: 2 Bit: 7,CLB CB BASE FG,----- NOT USED -----,CLB CB Logic Table: 1 Bit: 7,CLB CB Logic Table: 1 Bit: 6,CLB CB Logic Table: 1 Bit: 4,CLB CB Logic Table: 1 Bit: 5,CLB CB Logic Table: 1 Bit: 3,CLB CB Logic Table: 1 Bit: 2,CLB CB Logic Table: 1 Bit: 0,CLB CB Logic Table: 1 Bit: 1,CLB CA Logic Table: 2 Bit: 1,CLB CA Logic Table: 2 Bit: 0,CLB CA Logic Table: 2 Bit: 2,CLB CA Logic Table: 2 Bit: 3,CLB CA Logic Table: 2 Bit: 5,CLB CA Logic Table: 2 Bit: 4,CLB CA Logic Table: 2 Bit: 6,CLB CA Logic Table: 2 Bit: 7,CLB CA BASE FG,----- NOT USED -----,CLB CA Logic Table: 1 Bit: 7,CLB CA Logic Table: 1 Bit: 6,CLB CA Logic Table: 1 Bit: 4,CLB CA Logic Table: 1 Bit: 5,CLB CA Logic Table: 1 Bit: 3,CLB CA Logic Table: 1 Bit: 2,CLB CA Logic Table: 1 Bit: 0,CLB CA Logic Table: 1 Bit: 1,IOB P15.O MuxBit: 0,IOB P15.I PAD/Latched,----- NOT USED -----
IOB P56.I PAD/Latched,IOB P56,IOB P56.T MuxBit: 2,PIP  172G111,PIP  169G111,PIP  175G111,IOB P55.O MuxBit: 3,IOB P55.O MuxBit: 4,----- NOT USED -----,CLB CH Logic Table: 2 Mux C/D/Q Bit: 1,CLB CH Logic Table: 2 Mux C/D/Q Bit: 0,----- NOT USED -----,----- NOT USED -----,----- NOT USED -----,CLB CH Logic Table: 2 Mux B/C,CLB CH Logic Table: 2 Mux A/B,----- NOT USED -----,----- NOT USED -----,----- NOT USED -----,CLB CH Logic Table: 1 Mux A/B,CLB CH Logic Table: 1 Mux B/C,----- NOT USED -----,----- NOT USED -----,----- NOT USED -----,----- NOT USED -----,CLB CH Logic Table: 1 Mux C/D/Q Bit: 0,CLB CH Logic Table: 1 Mux C/D/Q Bit: 1,CLB CG Logic Table: 2 Mux C/D/Q Bit: 1,CLB CG Logic Table: 2 Mux C/D/Q Bit: 0,----- NOT USED -----,----- NOT USED -----,----- NOT USED -----,CLB CG Logic Table: 2 Mux B/C,CLB CG Logic Table: 2 Mux A/B,----- NOT USED -----,----- NOT USED -----,----- NOT USED -----,CLB CG Logic Table: 1 Mux A/B,CLB CG Logic Table: 1 Mux B/C,----- NOT USED -----,----- NOT USED -----,----- NOT USED -----,----- NOT USED -----,CLB CG Logic Table: 1 Mux C/D/Q Bit: 0,CLB CG Logic Table: 1 Mux C/D/Q Bit: 1,----- NOT USED -----,----- NOT USED -----,CLB CF Logic Table: 2 Mux C/D/Q Bit: 1,CLB CF Logic Table: 2 Mux C/D/Q Bit: 0,----- NOT USED -----,----- NOT USED -----,----- NOT USED -----,CLB CF Logic Table: 2 Mux B/C,CLB CF Logic Table: 2 Mux A/B,----- NOT USED -----,----- NOT USED -----,----- NOT USED -----,CLB CF Logic Table: 1 Mux A/B,CLB CF Logic Table: 1 Mux B/C,----- NOT USED -----,----- NOT USED -----,----- NOT USED -----,----- NOT USED -----,CLB CF Logic Table: 1 Mux C/D/Q Bit: 0,CLB CF Logic Table: 1 Mux C/D/Q Bit: 1,CLB CE Logic Table: 2 Mux C/D/Q Bit: 1,CLB CE Logic Table: 2 Mux C/D/Q Bit: 0,----- NOT USED -----,----- NOT USED -----,----- NOT USED -----,CLB CE Logic Table: 2 Mux B/C,CLB CE Logic Table: 2 Mux A/B,----- NOT USED -----,----- NOT USED -----,----- NOT USED -----,CLB CE Logic Table: 1 Mux A/B,CLB CE Logic Table: 1 Mux B/C,----- NOT USED -----,----- NOT USED -----,----- NOT USED -----,----- NOT USED -----,CLB CE Logic Table: 1 Mux C/D/Q Bit: 0,CLB CE Logic Table: 1 Mux C/D/Q Bit: 1,CLB CD Logic Table: 2 Mux C/D/Q Bit: 1,CLB CD Logic Table: 2 Mux C/D/Q Bit: 0,----- NOT USED -----,----- NOT USED -----,----- NOT USED -----,CLB CD Logic Table: 2 Mux B/C,CLB CD Logic Table: 2 Mux A/B,----- NOT USED -----,----- NOT USED -----,----- NOT USED -----,CLB CD Logic Table: 1 Mux A/B,CLB CD Logic Table: 1 Mux B/C,----- NOT USED -----,----- NOT USED -----,----- NOT USED -----,----- NOT USED -----,CLB CD Logic Table: 1 Mux C/D/Q Bit: 0,CLB CD Logic Table: 1 Mux C/D/Q Bit: 1,----- NOT USED -----,----- NOT USED -----,CLB CC Logic Table: 2 Mux C/D/Q Bit: 1,CLB CC Logic Table: 2 Mux C/D/Q Bit: 0,----- NOT USED -----,----- NOT USED -----,----- NOT USED -----,CLB CC Logic Table: 2 Mux B/C,CLB CC Logic Table: 2 Mux A/B,----- NOT USED -----,----- NOT USED -----,----- NOT USED -----,CLB CC Logic Table: 1 Mux A/B,CLB CC Logic Table: 1 Mux B/C,----- NOT USED -----,----- NOT USED -----,----- NOT USED -----,----- NOT USED -----,CLB CC Logic Table: 1 Mux C/D/Q Bit: 0,CLB CC Logic Table: 1 Mux C/D/Q Bit: 1,CLB CB Logic Table: 2 Mux C/D/Q Bit: 1,CLB CB Logic Table: 2 Mux C/D/Q Bit: 0,----- NOT USED -----,----- NOT USED -----,----- NOT USED -----,CLB CB Logic Table: 2 Mux B/C,CLB CB Logic Table: 2 Mux A/B,----- NOT USED -----,----- NOT USED -----,----- NOT USED -----,CLB CB Logic Table: 1 Mux A/B,CLB CB Logic Table: 1 Mux B/C,----- NOT USED -----,----- NOT USED -----,----- NOT USED -----,----- NOT USED -----,CLB CB Logic Table: 1 Mux C/D/Q Bit: 0,CLB CB Logic Table: 1 Mux C/D/Q Bit: 1,CLB CA Logic Table: 2 Mux C/D/Q Bit: 1,CLB CA Logic Table: 2 Mux C/D/Q Bit: 0,----- NOT USED -----,----- NOT USED -----,----- NOT USED -----,CLB CA Logic Table: 2 Mux B/C,CLB CA Logic Table: 2 Mux A/B,----- NOT USED -----,----- NOT USED -----,----- NOT USED -----,CLB CA Logic Table: 1 Mux A/B,CLB CA Logic Table: 1 Mux B/C,----- NOT USED -----,----- NOT USED -----,----- NOT USED -----,----- NOT USED -----,CLB CA Logic Table: 1 Mux C/D/Q Bit: 0,CLB CA Logic Table: 1 Mux C/D/Q Bit: 1,IOB P15.O MuxBit: 3,IOB P15.O MuxBit: 2,IOB P15.O MuxBit: 1
IOB P56.O MuxBit: 1,IOB P56.O MuxBit: 2,IOB P56.O MuxBit: 4,IOB P56.O MuxBit: 3,----- NOT USED -----,IOB P55.T MuxBit: 2,PIP  168G120,PIP  178G111,----- NOT USED -----,----- NOT USED -----,----- NOT USED -----,----- NOT USED -----,----- NOT USED -----,CLB CH.Y F/M or Q,CLB CH.Y G,CLB CH.X G,CLB CH.X F/M or Q,CLB CH Select Latch/FF,----- NOT USED -----,----- NOT USED -----,----- NOT USED -----,----- NOT USED -----,----- NOT USED -----,CLB CH Set A/F,CLB CH Set-Enable,CLB CH Reset-Enable,CLB CH Reset D/G,----- NOT USED -----,----- NOT USED -----,----- NOT USED -----,----- NOT USED -----,CLB CG.Y F/M or Q,CLB CG.Y G,CLB CG.X G,CLB CG.X F/M or Q,CLB CG Select Latch/FF,----- NOT USED -----,----- NOT USED -----,----- NOT USED -----,----- NOT USED -----,----- NOT USED -----,CLB CG Set A/F,CLB CG Set-Enable,CLB CG Reset-Enable,CLB CG Reset D/G,----- NOT USED -----,----- NOT USED -----,----- NOT USED -----,----- NOT USED -----,----- NOT USED -----,----- NOT USED -----,CLB CF.Y F/M or Q,CLB CF.Y G,CLB CF.X G,CLB CF.X F/M or Q,CLB CF Select Latch/FF,----- NOT USED -----,----- NOT USED -----,----- NOT USED -----,----- NOT USED -----,----- NOT USED -----,CLB CF Set A/F,CLB CF Set-Enable,CLB CF Reset-Enable,CLB CF Reset D/G,----- NOT USED -----,----- NOT USED -----,----- NOT USED -----,----- NOT USED -----,CLB CE.Y F/M or Q,CLB CE.Y G,CLB CE.X G,CLB CE.X F/M or Q,CLB CE Select Latch/FF,----- NOT USED -----,----- NOT USED -----,----- NOT USED -----,----- NOT USED -----,----- NOT USED -----,CLB CE Set A/F,CLB CE Set-Enable,CLB CE Reset-Enable,CLB CE Reset D/G,----- NOT USED -----,----- NOT USED -----,----- NOT USED -----,----- NOT USED -----,CLB CD.Y F/M or Q,CLB CD.Y G,CLB CD.X G,CLB CD.X F/M or Q,CLB CD Select Latch/FF,----- NOT USED -----,----- NOT USED -----,----- NOT USED -----,----- NOT USED -----,----- NOT USED -----,CLB CD Set A/F,CLB CD Set-Enable,CLB CD Reset-Enable,CLB CD Reset D/G,----- NOT USED -----,----- NOT USED -----,----- NOT USED -----,----- NOT USED -----,----- NOT USED -----,----- NOT USED -----,CLB CC.Y F/M or Q,CLB CC.Y G,CLB CC.X G,CLB CC.X F/M or Q,CLB CC Select Latch/FF,----- NOT USED -----,----- NOT USED -----,----- NOT USED -----,----- NOT USED -----,----- NOT USED -----,CLB CC Set A/F,CLB CC Set-Enable,CLB CC Reset-Enable,CLB CC Reset D/G,----- NOT USED -----,----- NOT USED -----,----- NOT USED -----,----- NOT USED -----,CLB CB.Y F/M or Q,CLB CB.Y G,CLB CB.X G,CLB CB.X F/M or Q,CLB CB Select Latch/FF,----- NOT USED -----,----- NOT USED -----,----- NOT USED -----,----- NOT USED -----,----- NOT USED -----,CLB CB Set A/F,CLB CB Set-Enable,CLB CB Reset-Enable,CLB CB Reset D/G,----- NOT USED -----,----- NOT USED -----,----- NOT USED -----,----- NOT USED -----,CLB CA.Y F/M or Q,CLB CA.Y G,CLB CA.X G,CLB CA.X F/M or Q,CLB CA Select Latch/FF,----- NOT USED -----,----- NOT USED -----,----- NOT USED -----,----- NOT USED -----,----- NOT USED -----,CLB CA Set A/F,CLB CA Set-Enable,CLB CA Reset-Enable,CLB CA Reset D/G,IOB P15.T MuxBit: 2,IOB P15.T MuxBit: 1,IOB P15.T MuxBit: 0
----- NOT USED -----,IOB P56.O MuxBit: 0,PIP  170G116,PIP  173G116,PIP  172G113,PIP  169G113,PIP  175G113,PIP  178G113,PIP  176G116,CLB BH.D MuxBit: 3,CLB CH.A MuxBit: 3,CLB CH.A MuxBit: 0,CLB CH.A MuxBit: 2,CLB BH.D MuxBit: 2,CLB BH.D MuxBit: 1,PIP  150G113,PIP  156G113,PIP  155G117,----- NOT USED -----,PIP  148G117,CLB CH CLK enable,CLB CH CLK Invert,CLB CH,CLB CH.K MuxBit: 0,CLB CH.K MuxBit: 1,PIP  153G113,PIP  147G113,CLB BG.D MuxBit: 3,CLB CG.A MuxBit: 3,CLB CG.A MuxBit: 0,CLB CG.A MuxBit: 2,CLB BG.D MuxBit: 2,CLB BG.D MuxBit: 1,PIP  130G113,PIP  136G113,PIP  135G117,----- NOT USED -----,PIP  128G117,CLB CG CLK enable,CLB CG CLK Invert,CLB CG,CLB CG.K MuxBit: 0,CLB CG.K MuxBit: 1,PIP  133G113,PIP  127G113,Bidi 125G122,Bidi 125G126,CLB BF.D MuxBit: 3,CLB CF.A MuxBit: 3,CLB CF.A MuxBit: 0,CLB CF.A MuxBit: 2,CLB BF.D MuxBit: 2,CLB BF.D MuxBit: 1,PIP  110G113,PIP  116G113,PIP  115G117,----- NOT USED -----,PIP  108G117,CLB CF CLK enable,CLB CF CLK Invert,CLB CF,CLB CF.K MuxBit: 0,CLB CF.K MuxBit: 1,PIP  113G113,PIP  107G113,CLB BE.D MuxBit: 3,CLB CE.A MuxBit: 3,CLB CE.A MuxBit: 0,CLB CE.A MuxBit: 2,CLB BE.D MuxBit: 2,CLB BE.D MuxBit: 1,PIP  90G113,PIP  96G113,PIP  95G117,----- NOT USED -----,PIP  88G117,CLB CE CLK enable,CLB CE CLK Invert,CLB CE,CLB CE.K MuxBit: 0,CLB CE.K MuxBit: 1,PIP  93G113,PIP  87G113,CLB BD.D MuxBit: 3,CLB CD.A MuxBit: 3,CLB CD.A MuxBit: 0,CLB CD.A MuxBit: 2,CLB BD.D MuxBit: 2,CLB BD.D MuxBit: 1,PIP  70G113,PIP  76G113,PIP  75G117,----- NOT USED -----,PIP  68G117,CLB CD CLK enable,CLB CD CLK Invert,CLB CD,CLB CD.K MuxBit: 0,CLB CD.K MuxBit: 1,PIP  73G113,PIP  67G113,Bidi 65G122,Bidi 65G126,CLB BC.D MuxBit: 3,CLB CC.A MuxBit: 3,CLB CC.A MuxBit: 0,CLB CC.A MuxBit: 2,CLB BC.D MuxBit: 2,CLB BC.D MuxBit: 1,PIP  50G113,PIP  56G113,PIP  55G117,----- NOT USED -----,PIP  48G117,CLB CC CLK enable,CLB CC CLK Invert,CLB CC,CLB CC.K MuxBit: 0,CLB CC.K MuxBit: 1,PIP  53G113,PIP  47G113,CLB BB.D MuxBit: 3,CLB CB.A MuxBit: 3,CLB CB.A MuxBit: 0,CLB CB.A MuxBit: 2,CLB BB.D MuxBit: 2,CLB BB.D MuxBit: 1,PIP  30G113,PIP  36G113,PIP  35G117,----- NOT USED -----,PIP  28G117,CLB CB CLK enable,CLB CB CLK Invert,CLB CB,CLB CB.K MuxBit: 0,CLB CB.K MuxBit: 1,PIP  33G113,PIP  27G113,CLB BA.D MuxBit: 3,CLB CA.A MuxBit: 3,CLB CA.A MuxBit: 0,CLB CA.A MuxBit: 2,CLB BA.D MuxBit: 2,CLB BA.D MuxBit: 1,----- NOT USED -----,PIP  12G111,PIP  11G118,----- NOT USED -----,PIP  6G111,CLB CA CLK enable,CLB CA CLK Invert,CLB CA,CLB CA.K MuxBit: 0,CLB CA.K MuxBit: 1,PIP  3G118,PIP  5G118,IOB P14.T MuxBit: 2,IOB P14.T MuxBit: 1,IOB P14.T MuxBit: 0
PIP  170G118,PIP  168G126,PIP  173G118,PIP  165G125,PIP  165G122,PIP  169G122,PIP  170G123,PIP  168G123,PIP  176G118,----- NOT USED -----,----- NOT USED -----,----- NOT USED -----,----- NOT USED -----,----- NOT USED -----,----- NOT USED -----,CLB CH.B MuxBit: 0,CLB CH.B MuxBit: 5,CLB CH.C MuxBit: 0,PIP  151G117,CLB CH.C MuxBit: 4,CLB CH.B MuxBit: 2,CLB CH.C MuxBit: 2,CLB CH.C MuxBit: 3,CLB CH.B MuxBit: 3,CLB CH.B MuxBit: 1,CLB CH.C MuxBit: 1,CLB CH.B MuxBit: 4,----- NOT USED -----,----- NOT USED -----,----- NOT USED -----,----- NOT USED -----,----- NOT USED -----,----- NOT USED -----,CLB CG.B MuxBit: 0,CLB CG.B MuxBit: 5,CLB CG.C MuxBit: 0,PIP  131G117,CLB CG.C MuxBit: 4,CLB CG.B MuxBit: 2,CLB CG.C MuxBit: 2,CLB CG.C MuxBit: 3,CLB CG.B MuxBit: 3,CLB CG.B MuxBit: 1,CLB CG.C MuxBit: 1,CLB CG.B MuxBit: 4,----- NOT USED -----,----- NOT USED -----,----- NOT USED -----,----- NOT USED -----,----- NOT USED -----,----- NOT USED -----,----- NOT USED -----,----- NOT USED -----,CLB CF.B MuxBit: 0,CLB CF.B MuxBit: 5,CLB CF.C MuxBit: 0,PIP  111G117,CLB CF.C MuxBit: 4,CLB CF.B MuxBit: 2,CLB CF.C MuxBit: 2,CLB CF.C MuxBit: 3,CLB CF.B MuxBit: 3,CLB CF.B MuxBit: 1,CLB CF.C MuxBit: 1,CLB CF.B MuxBit: 4,----- NOT USED -----,----- NOT USED -----,----- NOT USED -----,----- NOT USED -----,----- NOT USED -----,----- NOT USED -----,CLB CE.B MuxBit: 0,CLB CE.B MuxBit: 5,CLB CE.C MuxBit: 0,PIP  91G117,CLB CE.C MuxBit: 4,CLB CE.B MuxBit: 2,CLB CE.C MuxBit: 2,CLB CE.C MuxBit: 3,CLB CE.B MuxBit: 3,CLB CE.B MuxBit: 1,CLB CE.C MuxBit: 1,CLB CE.B MuxBit: 4,----- NOT USED -----,----- NOT USED -----,----- NOT USED -----,----- NOT USED -----,----- NOT USED -----,----- NOT USED -----,CLB CD.B MuxBit: 0,CLB CD.B MuxBit: 5,CLB CD.C MuxBit: 0,PIP  71G117,CLB CD.C MuxBit: 4,CLB CD.B MuxBit: 2,CLB CD.C MuxBit: 2,CLB CD.C MuxBit: 3,CLB CD.B MuxBit: 3,CLB CD.B MuxBit: 1,CLB CD.C MuxBit: 1,CLB CD.B MuxBit: 4,----- NOT USED -----,----- NOT USED -----,----- NOT USED -----,----- NOT USED -----,----- NOT USED -----,----- NOT USED -----,----- NOT USED -----,----- NOT USED -----,CLB CC.B MuxBit: 0,CLB CC.B MuxBit: 5,CLB CC.C MuxBit: 0,PIP  51G117,CLB CC.C MuxBit: 4,CLB CC.B MuxBit: 2,CLB CC.C MuxBit: 2,CLB CC.C MuxBit: 3,CLB CC.B MuxBit: 3,CLB CC.B MuxBit: 1,CLB CC.C MuxBit: 1,CLB CC.B MuxBit: 4,----- NOT USED -----,----- NOT USED -----,----- NOT USED -----,----- NOT USED -----,----- NOT USED -----,----- NOT USED -----,CLB CB.B MuxBit: 0,CLB CB.B MuxBit: 5,CLB CB.C MuxBit: 0,PIP  31G117,CLB CB.C MuxBit: 4,CLB CB.B MuxBit: 2,CLB CB.C MuxBit: 2,CLB CB.C MuxBit: 3,CLB CB.B MuxBit: 3,CLB CB.B MuxBit: 1,CLB CB.C MuxBit: 1,CLB CB.B MuxBit: 4,----- NOT USED -----,----- NOT USED -----,----- NOT USED -----,----- NOT USED -----,----- NOT USED -----,----- NOT USED -----,CLB CA.B MuxBit: 0,CLB CA.B MuxBit: 5,CLB CA.C MuxBit: 0,PIP  9G111,CLB CA.C MuxBit: 4,CLB CA.B MuxBit: 2,CLB CA.C MuxBit: 2,CLB CA.C MuxBit: 3,CLB CA.B MuxBit: 3,CLB CA.B MuxBit: 1,CLB CA.C MuxBit: 1,CLB CA.B MuxBit: 4,----- NOT USED -----,----- NOT USED -----,----- NOT USED -----
PIP  170G126,PIP  170G120,Magic @ 172G127 6 8,Magic @ 172G127 6 7,PIP  172G120,PIP  169G120,PIP  169G125,PIP  178G120,PIP  176G120,----- NOT USED -----,Magic @ 150G124 3 5,CLB BH.D MuxBit: 0,PIP  151G120,CLB CH.A MuxBit: 1,PIP  156G123,PIP  156G126,PIP  155G122,Magic @ 150G124 2 8,Magic @ 147G127 1 3,PIP  155G125,PIP  154G125,PIP  154G123,PIP  153G123,PIP  153G125,PIP  153G127,PIP  147G120,Magic @ 147G127 6 8,----- NOT USED -----,Magic @ 130G124 3 5,CLB BG.D MuxBit: 0,PIP  131G120,CLB CG.A MuxBit: 1,PIP  136G123,PIP  136G126,PIP  135G122,Magic @ 130G124 2 8,Magic @ 127G127 1 3,PIP  135G125,PIP  134G125,PIP  134G123,PIP  133G123,PIP  133G125,PIP  133G127,PIP  127G120,Magic @ 127G127 6 8,----- NOT USED -----,----- NOT USED -----,----- NOT USED -----,Magic @ 110G124 3 5,CLB BF.D MuxBit: 0,PIP  111G120,CLB CF.A MuxBit: 1,PIP  116G123,PIP  116G126,PIP  115G122,Magic @ 110G124 2 8,Magic @ 107G127 1 3,PIP  115G125,PIP  114G125,PIP  114G123,PIP  113G123,PIP  113G125,PIP  113G127,PIP  107G120,Magic @ 107G127 6 8,----- NOT USED -----,Magic @ 90G124 3 5,CLB BE.D MuxBit: 0,PIP  91G120,CLB CE.A MuxBit: 1,PIP  96G123,PIP  96G126,PIP  95G122,Magic @ 90G124 2 8,Magic @ 87G127 1 3,PIP  95G125,PIP  94G125,PIP  94G123,PIP  93G123,PIP  93G125,PIP  93G127,PIP  87G120,Magic @ 87G127 6 8,----- NOT USED -----,Magic @ 70G124 3 5,CLB BD.D MuxBit: 0,PIP  71G120,CLB CD.A MuxBit: 1,PIP  76G123,PIP  76G126,PIP  75G122,Magic @ 70G124 2 8,Magic @ 67G127 1 3,PIP  75G125,PIP  74G125,PIP  74G123,PIP  73G123,PIP  73G125,PIP  73G127,PIP  67G120,Magic @ 67G127 6 8,----- NOT USED -----,----- NOT USED -----,----- NOT USED -----,Magic @ 50G124 3 5,CLB BC.D MuxBit: 0,PIP  51G120,CLB CC.A MuxBit: 1,PIP  56G123,PIP  56G126,PIP  55G122,Magic @ 50G124 2 8,Magic @ 47G127 1 3,PIP  55G125,PIP  54G125,PIP  54G123,PIP  53G123,PIP  53G125,PIP  53G127,PIP  47G120,Magic @ 47G127 6 8,----- NOT USED -----,Magic @ 30G124 3 5,CLB BB.D MuxBit: 0,PIP  31G120,CLB CB.A MuxBit: 1,PIP  36G123,PIP  36G126,PIP  35G122,Magic @ 30G124 2 8,Magic @ 27G127 1 3,PIP  35G125,PIP  34G125,PIP  34G123,PIP  33G123,PIP  33G125,PIP  33G127,PIP  27G120,Magic @ 27G127 6 8,----- NOT USED -----,Magic @ 8G124 1 5,CLB BA.D MuxBit: 0,PIP  9G120,CLB CA.A MuxBit: 1,PIP  12G120,PIP  8G118,PIP  14G122,Magic @ 8G124 2 4,PIP  12G125,PIP  11G120,PIP  11G126,PIP  17G123,PIP  17G120,Magic @ 5G127 3 1,PIP  3G120,PIP  5G120,IOB P14.O MuxBit: 0,----- NOT USED -----,----- NOT USED -----,----- NOT USED -----
Magic @ 172G127 7 1,Magic @ 172G127 1 8,Magic @ 172G127 2 5,Magic @ 172G127 1 6,Magic @ 175G124 6 7,Magic @ 175G124 6 2,Magic @ 175G124 6 8,Magic @ 175G124 5 7,Magic @ 175G124 2 5,Magic @ 150G124 4 5,Magic @ 150G124 3 7,Magic @ 150G124 4 7,Magic @ 150G124 1 3,Magic @ 150G124 4 6,Magic @ 150G124 1 6,Magic @ 150G124 1 7,Magic @ 150G124 6 8,Magic @ 150G124 2 5,Magic @ 147G127 1 6,Magic @ 147G127 3 5,Magic @ 147G127 2 4,Magic @ 147G127 2 5,Magic @ 147G127 5 7,Magic @ 147G127 2 8,Magic @ 147G127 4 7,Magic @ 147G127 4 8,Magic @ 147G127 6 7,Magic @ 130G124 4 5,Magic @ 130G124 3 7,Magic @ 130G124 4 7,Magic @ 130G124 1 3,Magic @ 130G124 4 6,Magic @ 130G124 1 6,Magic @ 130G124 1 7,Magic @ 130G124 6 8,Magic @ 130G124 2 5,Magic @ 127G127 1 6,Magic @ 127G127 3 5,Magic @ 127G127 2 4,Magic @ 127G127 2 5,Magic @ 127G127 5 7,Magic @ 127G127 2 8,Magic @ 127G127 4 7,Magic @ 127G127 4 8,Magic @ 127G127 6 7,----- NOT USED -----,----- NOT USED -----,Magic @ 110G124 4 5,Magic @ 110G124 3 7,Magic @ 110G124 4 7,Magic @ 110G124 1 3,Magic @ 110G124 4 6,Magic @ 110G124 1 6,Magic @ 110G124 1 7,Magic @ 110G124 6 8,Magic @ 110G124 2 5,Magic @ 107G127 1 6,Magic @ 107G127 3 5,Magic @ 107G127 2 4,Magic @ 107G127 2 5,Magic @ 107G127 5 7,Magic @ 107G127 2 8,Magic @ 107G127 4 7,Magic @ 107G127 4 8,Magic @ 107G127 6 7,Magic @ 90G124 4 5,Magic @ 90G124 3 7,Magic @ 90G124 4 7,Magic @ 90G124 1 3,Magic @ 90G124 4 6,Magic @ 90G124 1 6,Magic @ 90G124 1 7,Magic @ 90G124 6 8,Magic @ 90G124 2 5,Magic @ 87G127 1 6,Magic @ 87G127 3 5,Magic @ 87G127 2 4,Magic @ 87G127 2 5,Magic @ 87G127 5 7,Magic @ 87G127 2 8,Magic @ 87G127 4 7,Magic @ 87G127 4 8,Magic @ 87G127 6 7,Magic @ 70G124 4 5,Magic @ 70G124 3 7,Magic @ 70G124 4 7,Magic @ 70G124 1 3,Magic @ 70G124 4 6,Magic @ 70G124 1 6,Magic @ 70G124 1 7,Magic @ 70G124 6 8,Magic @ 70G124 2 5,Magic @ 67G127 1 6,Magic @ 67G127 3 5,Magic @ 67G127 2 4,Magic @ 67G127 2 5,Magic @ 67G127 5 7,Magic @ 67G127 2 8,Magic @ 67G127 4 7,Magic @ 67G127 4 8,Magic @ 67G127 6 7,----- NOT USED -----,----- NOT USED -----,Magic @ 50G124 4 5,Magic @ 50G124 3 7,Magic @ 50G124 4 7,Magic @ 50G124 1 3,Magic @ 50G124 4 6,Magic @ 50G124 1 6,Magic @ 50G124 1 7,Magic @ 50G124 6 8,Magic @ 50G124 2 5,Magic @ 47G127 1 6,Magic @ 47G127 3 5,Magic @ 47G127 2 4,Magic @ 47G127 2 5,Magic @ 47G127 5 7,Magic @ 47G127 2 8,Magic @ 47G127 4 7,Magic @ 47G127 4 8,Magic @ 47G127 6 7,Magic @ 30G124 4 5,Magic @ 30G124 3 7,Magic @ 30G124 4 7,Magic @ 30G124 1 3,Magic @ 30G124 4 6,Magic @ 30G124 1 6,Magic @ 30G124 1 7,Magic @ 30G124 6 8,Magic @ 30G124 2 5,Magic @ 27G127 1 6,Magic @ 27G127 3 5,Magic @ 27G127 2 4,Magic @ 27G127 2 5,Magic @ 27G127 5 7,Magic @ 27G127 2 8,Magic @ 27G127 4 7,Magic @ 27G127 4 8,Magic @ 27G127 6 7,Magic @ 8G124 4 5,Magic @ 8G124 1 3,Magic @ 8G124 2 5,Magic @ 8G124 3 2,----- NOT USED -----,----- NOT USED -----,----- NOT USED -----,----- NOT USED -----,----- NOT USED -----,----- NOT USED -----,----- NOT USED -----,----- NOT USED -----,----- NOT USED -----,----- NOT USED -----,----- NOT USED -----,----- NOT USED -----,----- NOT USED -----,----- NOT USED -----,----- NOT USED -----,----- NOT USED -----,----- NOT USED -----
Magic @ 172G127 5 7,Magic @ 172G127 2 8,Magic @ 172G127 1 5,Magic @ 172G127 6 2,Magic @ 175G124 1 7,Magic @ 175G124 1 6,Magic @ 175G124 8 1,Magic @ 175G124 5 1,Magic @ 175G124 8 2,Magic @ 150G124 2 4,Magic @ 150G124 2 3,Magic @ 150G124 4 8,Magic @ 150G124 3 8,Magic @ 150G124 2 6,Magic @ 150G124 1 5,Magic @ 150G124 1 8,Magic @ 150G124 6 7,Magic @ 150G124 5 7,Magic @ 147G127 4 6,Magic @ 147G127 4 5,Magic @ 147G127 2 3,Magic @ 147G127 2 6,Magic @ 147G127 1 5,Magic @ 147G127 3 8,Magic @ 147G127 3 7,Magic @ 147G127 1 8,Magic @ 147G127 1 7,Magic @ 130G124 2 4,Magic @ 130G124 2 3,Magic @ 130G124 4 8,Magic @ 130G124 3 8,Magic @ 130G124 2 6,Magic @ 130G124 1 5,Magic @ 130G124 1 8,Magic @ 130G124 6 7,Magic @ 130G124 5 7,Magic @ 127G127 4 6,Magic @ 127G127 4 5,Magic @ 127G127 2 3,Magic @ 127G127 2 6,Magic @ 127G127 1 5,Magic @ 127G127 3 8,Magic @ 127G127 3 7,Magic @ 127G127 1 8,Magic @ 127G127 1 7,----- NOT USED -----,Bidi 125G125,Magic @ 110G124 2 4,Magic @ 110G124 2 3,Magic @ 110G124 4 8,Magic @ 110G124 3 8,Magic @ 110G124 2 6,Magic @ 110G124 1 5,Magic @ 110G124 1 8,Magic @ 110G124 6 7,Magic @ 110G124 5 7,Magic @ 107G127 4 6,Magic @ 107G127 4 5,Magic @ 107G127 2 3,Magic @ 107G127 2 6,Magic @ 107G127 1 5,Magic @ 107G127 3 8,Magic @ 107G127 3 7,Magic @ 107G127 1 8,Magic @ 107G127 1 7,Magic @ 90G124 2 4,Magic @ 90G124 2 3,Magic @ 90G124 4 8,Magic @ 90G124 3 8,Magic @ 90G124 2 6,Magic @ 90G124 1 5,Magic @ 90G124 1 8,Magic @ 90G124 6 7,Magic @ 90G124 5 7,Magic @ 87G127 4 6,Magic @ 87G127 4 5,Magic @ 87G127 2 3,Magic @ 87G127 2 6,Magic @ 87G127 1 5,Magic @ 87G127 3 8,Magic @ 87G127 3 7,Magic @ 87G127 1 8,Magic @ 87G127 1 7,Magic @ 70G124 2 4,Magic @ 70G124 2 3,Magic @ 70G124 4 8,Magic @ 70G124 3 8,Magic @ 70G124 2 6,Magic @ 70G124 1 5,Magic @ 70G124 1 8,Magic @ 70G124 6 7,Magic @ 70G124 5 7,Magic @ 67G127 4 6,Magic @ 67G127 4 5,Magic @ 67G127 2 3,Magic @ 67G127 2 6,Magic @ 67G127 1 5,Magic @ 67G127 3 8,Magic @ 67G127 3 7,Magic @ 67G127 1 8,Magic @ 67G127 1 7,----- NOT USED -----,Bidi 65G125,Magic @ 50G124 2 4,Magic @ 50G124 2 3,Magic @ 50G124 4 8,Magic @ 50G124 3 8,Magic @ 50G124 2 6,Magic @ 50G124 1 5,Magic @ 50G124 1 8,Magic @ 50G124 6 7,Magic @ 50G124 5 7,Magic @ 47G127 4 6,Magic @ 47G127 4 5,Magic @ 47G127 2 3,Magic @ 47G127 2 6,Magic @ 47G127 1 5,Magic @ 47G127 3 8,Magic @ 47G127 3 7,Magic @ 47G127 1 8,Magic @ 47G127 1 7,Magic @ 30G124 2 4,Magic @ 30G124 2 3,Magic @ 30G124 4 8,Magic @ 30G124 3 8,Magic @ 30G124 2 6,Magic @ 30G124 1 5,Magic @ 30G124 1 8,Magic @ 30G124 6 7,Magic @ 30G124 5 7,Magic @ 27G127 4 6,Magic @ 27G127 4 5,Magic @ 27G127 2 3,Magic @ 27G127 2 6,Magic @ 27G127 1 5,Magic @ 27G127 3 8,Magic @ 27G127 3 7,Magic @ 27G127 1 8,Magic @ 27G127 1 7,Magic @ 8G124 4 6,Magic @ 8G124 1 6,Magic @ 8G124 3 5,Magic @ 8G124 2 6,----- NOT USED -----,----- NOT USED -----,----- NOT USED -----,----- NOT USED -----,Magic @ 5G127 4 2,Magic @ 5G127 4 5,Magic @ 5G127 3 5,Magic @ 5G127 3 2,Magic @ 5G127 2 5,Magic @ 5G127 1 5,Magic @ 5G127 2 6,Magic @ 5G127 4 6,Magic @ 5G127 1 6,IOB P14.O MuxBit: 1,IOB P14.O MuxBit: 2,IOB P14.O MuxBit: 3,IOB P14.I PAD/Latched
----- NOT USED -----,----- NOT USED -----,IOB P57.I PAD/Latched,IOB P58.T MuxBit: 1,IOB P57,IOB P57.T MuxBit: 1,IOB P57.O MuxBit: 0,IOB P57.O MuxBit: 1,IOB P57.O MuxBit: 2,CLB BH Logic Table: 2 Bit: 1,CLB BH Logic Table: 2 Bit: 0,CLB BH Logic Table: 2 Bit: 2,CLB BH Logic Table: 2 Bit: 3,CLB BH Logic Table: 2 Bit: 5,CLB BH Logic Table: 2 Bit: 4,CLB BH Logic Table: 2 Bit: 6,CLB BH Logic Table: 2 Bit: 7,CLB BH BASE FG,----- NOT USED -----,CLB BH Logic Table: 1 Bit: 7,CLB BH Logic Table: 1 Bit: 6,CLB BH Logic Table: 1 Bit: 4,CLB BH Logic Table: 1 Bit: 5,CLB BH Logic Table: 1 Bit: 3,CLB BH Logic Table: 1 Bit: 2,CLB BH Logic Table: 1 Bit: 0,CLB BH Logic Table: 1 Bit: 1,CLB BG Logic Table: 2 Bit: 1,CLB BG Logic Table: 2 Bit: 0,CLB BG Logic Table: 2 Bit: 2,CLB BG Logic Table: 2 Bit: 3,CLB BG Logic Table: 2 Bit: 5,CLB BG Logic Table: 2 Bit: 4,CLB BG Logic Table: 2 Bit: 6,CLB BG Logic Table: 2 Bit: 7,CLB BG BASE FG,----- NOT USED -----,CLB BG Logic Table: 1 Bit: 7,CLB BG Logic Table: 1 Bit: 6,CLB BG Logic Table: 1 Bit: 4,CLB BG Logic Table: 1 Bit: 5,CLB BG Logic Table: 1 Bit: 3,CLB BG Logic Table: 1 Bit: 2,CLB BG Logic Table: 1 Bit: 0,CLB BG Logic Table: 1 Bit: 1,Bidi 125G142,----- NOT USED -----,CLB BF Logic Table: 2 Bit: 1,CLB BF Logic Table: 2 Bit: 0,CLB BF Logic Table: 2 Bit: 2,CLB BF Logic Table: 2 Bit: 3,CLB BF Logic Table: 2 Bit: 5,CLB BF Logic Table: 2 Bit: 4,CLB BF Logic Table: 2 Bit: 6,CLB BF Logic Table: 2 Bit: 7,CLB BF BASE FG,----- NOT USED -----,CLB BF Logic Table: 1 Bit: 7,CLB BF Logic Table: 1 Bit: 6,CLB BF Logic Table: 1 Bit: 4,CLB BF Logic Table: 1 Bit: 5,CLB BF Logic Table: 1 Bit: 3,CLB BF Logic Table: 1 Bit: 2,CLB BF Logic Table: 1 Bit: 0,CLB BF Logic Table: 1 Bit: 1,CLB BE Logic Table: 2 Bit: 1,CLB BE Logic Table: 2 Bit: 0,CLB BE Logic Table: 2 Bit: 2,CLB BE Logic Table: 2 Bit: 3,CLB BE Logic Table: 2 Bit: 5,CLB BE Logic Table: 2 Bit: 4,CLB BE Logic Table: 2 Bit: 6,CLB BE Logic Table: 2 Bit: 7,CLB BE BASE FG,----- NOT USED -----,CLB BE Logic Table: 1 Bit: 7,CLB BE Logic Table: 1 Bit: 6,CLB BE Logic Table: 1 Bit: 4,CLB BE Logic Table: 1 Bit: 5,CLB BE Logic Table: 1 Bit: 3,CLB BE Logic Table: 1 Bit: 2,CLB BE Logic Table: 1 Bit: 0,CLB BE Logic Table: 1 Bit: 1,CLB BD Logic Table: 2 Bit: 1,CLB BD Logic Table: 2 Bit: 0,CLB BD Logic Table: 2 Bit: 2,CLB BD Logic Table: 2 Bit: 3,CLB BD Logic Table: 2 Bit: 5,CLB BD Logic Table: 2 Bit: 4,CLB BD Logic Table: 2 Bit: 6,CLB BD Logic Table: 2 Bit: 7,CLB BD BASE FG,----- NOT USED -----,CLB BD Logic Table: 1 Bit: 7,CLB BD Logic Table: 1 Bit: 6,CLB BD Logic Table: 1 Bit: 4,CLB BD Logic Table: 1 Bit: 5,CLB BD Logic Table: 1 Bit: 3,CLB BD Logic Table: 1 Bit: 2,CLB BD Logic Table: 1 Bit: 0,CLB BD Logic Table: 1 Bit: 1,Bidi 65G142,----- NOT USED -----,CLB BC Logic Table: 2 Bit: 1,CLB BC Logic Table: 2 Bit: 0,CLB BC Logic Table: 2 Bit: 2,CLB BC Logic Table: 2 Bit: 3,CLB BC Logic Table: 2 Bit: 5,CLB BC Logic Table: 2 Bit: 4,CLB BC Logic Table: 2 Bit: 6,CLB BC Logic Table: 2 Bit: 7,CLB BC BASE FG,----- NOT USED -----,CLB BC Logic Table: 1 Bit: 7,CLB BC Logic Table: 1 Bit: 6,CLB BC Logic Table: 1 Bit: 4,CLB BC Logic Table: 1 Bit: 5,CLB BC Logic Table: 1 Bit: 3,CLB BC Logic Table: 1 Bit: 2,CLB BC Logic Table: 1 Bit: 0,CLB BC Logic Table: 1 Bit: 1,CLB BB Logic Table: 2 Bit: 1,CLB BB Logic Table: 2 Bit: 0,CLB BB Logic Table: 2 Bit: 2,CLB BB Logic Table: 2 Bit: 3,CLB BB Logic Table: 2 Bit: 5,CLB BB Logic Table: 2 Bit: 4,CLB BB Logic Table: 2 Bit: 6,CLB BB Logic Table: 2 Bit: 7,CLB BB BASE FG,----- NOT USED -----,CLB BB Logic Table: 1 Bit: 7,CLB BB Logic Table: 1 Bit: 6,CLB BB Logic Table: 1 Bit: 4,CLB BB Logic Table: 1 Bit: 5,CLB BB Logic Table: 1 Bit: 3,CLB BB Logic Table: 1 Bit: 2,CLB BB Logic Table: 1 Bit: 0,CLB BB Logic Table: 1 Bit: 1,CLB BA Logic Table: 2 Bit: 1,CLB BA Logic Table: 2 Bit: 0,CLB BA Logic Table: 2 Bit: 2,CLB BA Logic Table: 2 Bit: 3,CLB BA Logic Table: 2 Bit: 5,CLB BA Logic Table: 2 Bit: 4,CLB BA Logic Table: 2 Bit: 6,CLB BA Logic Table: 2 Bit: 7,CLB BA BASE FG,----- NOT USED -----,CLB BA Logic Table: 1 Bit: 7,CLB BA Logic Table: 1 Bit: 6,CLB BA Logic Table: 1 Bit: 4,CLB BA Logic Table: 1 Bit: 5,CLB BA Logic Table: 1 Bit: 3,CLB BA Logic Table: 1 Bit: 2,CLB BA Logic Table: 1 Bit: 0,CLB BA Logic Table: 1 Bit: 1,IOB P13.O MuxBit: 0,IOB P13.I PAD/Latched,----- NOT USED -----
IOB P58.I PAD/Latched,IOB P58,IOB P58.T MuxBit: 2,PIP  172G130,PIP  169G130,PIP  175G130,IOB P57.O MuxBit: 3,IOB P57.O MuxBit: 4,----- NOT USED -----,CLB BH Logic Table: 2 Mux C/D/Q Bit: 1,CLB BH Logic Table: 2 Mux C/D/Q Bit: 0,----- NOT USED -----,----- NOT USED -----,----- NOT USED -----,CLB BH Logic Table: 2 Mux B/C,CLB BH Logic Table: 2 Mux A/B,----- NOT USED -----,----- NOT USED -----,----- NOT USED -----,CLB BH Logic Table: 1 Mux A/B,CLB BH Logic Table: 1 Mux B/C,----- NOT USED -----,----- NOT USED -----,----- NOT USED -----,----- NOT USED -----,CLB BH Logic Table: 1 Mux C/D/Q Bit: 0,CLB BH Logic Table: 1 Mux C/D/Q Bit: 1,CLB BG Logic Table: 2 Mux C/D/Q Bit: 1,CLB BG Logic Table: 2 Mux C/D/Q Bit: 0,----- NOT USED -----,----- NOT USED -----,----- NOT USED -----,CLB BG Logic Table: 2 Mux B/C,CLB BG Logic Table: 2 Mux A/B,----- NOT USED -----,----- NOT USED -----,----- NOT USED -----,CLB BG Logic Table: 1 Mux A/B,CLB BG Logic Table: 1 Mux B/C,----- NOT USED -----,----- NOT USED -----,----- NOT USED -----,----- NOT USED -----,CLB BG Logic Table: 1 Mux C/D/Q Bit: 0,CLB BG Logic Table: 1 Mux C/D/Q Bit: 1,----- NOT USED -----,----- NOT USED -----,CLB BF Logic Table: 2 Mux C/D/Q Bit: 1,CLB BF Logic Table: 2 Mux C/D/Q Bit: 0,----- NOT USED -----,----- NOT USED -----,----- NOT USED -----,CLB BF Logic Table: 2 Mux B/C,CLB BF Logic Table: 2 Mux A/B,----- NOT USED -----,----- NOT USED -----,----- NOT USED -----,CLB BF Logic Table: 1 Mux A/B,CLB BF Logic Table: 1 Mux B/C,----- NOT USED -----,----- NOT USED -----,----- NOT USED -----,----- NOT USED -----,CLB BF Logic Table: 1 Mux C/D/Q Bit: 0,CLB BF Logic Table: 1 Mux C/D/Q Bit: 1,CLB BE Logic Table: 2 Mux C/D/Q Bit: 1,CLB BE Logic Table: 2 Mux C/D/Q Bit: 0,----- NOT USED -----,----- NOT USED -----,----- NOT USED -----,CLB BE Logic Table: 2 Mux B/C,CLB BE Logic Table: 2 Mux A/B,----- NOT USED -----,----- NOT USED -----,----- NOT USED -----,CLB BE Logic Table: 1 Mux A/B,CLB BE Logic Table: 1 Mux B/C,----- NOT USED -----,----- NOT USED -----,----- NOT USED -----,----- NOT USED -----,CLB BE Logic Table: 1 Mux C/D/Q Bit: 0,CLB BE Logic Table: 1 Mux C/D/Q Bit: 1,CLB BD Logic Table: 2 Mux C/D/Q Bit: 1,CLB BD Logic Table: 2 Mux C/D/Q Bit: 0,----- NOT USED -----,----- NOT USED -----,----- NOT USED -----,CLB BD Logic Table: 2 Mux B/C,CLB BD Logic Table: 2 Mux A/B,----- NOT USED -----,----- NOT USED -----,----- NOT USED -----,CLB BD Logic Table: 1 Mux A/B,CLB BD Logic Table: 1 Mux B/C,----- NOT USED -----,----- NOT USED -----,----- NOT USED -----,----- NOT USED -----,CLB BD Logic Table: 1 Mux C/D/Q Bit: 0,CLB BD Logic Table: 1 Mux C/D/Q Bit: 1,----- NOT USED -----,----- NOT USED -----,CLB BC Logic Table: 2 Mux C/D/Q Bit: 1,CLB BC Logic Table: 2 Mux C/D/Q Bit: 0,----- NOT USED -----,----- NOT USED -----,----- NOT USED -----,CLB BC Logic Table: 2 Mux B/C,CLB BC Logic Table: 2 Mux A/B,----- NOT USED -----,----- NOT USED -----,----- NOT USED -----,CLB BC Logic Table: 1 Mux A/B,CLB BC Logic Table: 1 Mux B/C,----- NOT USED -----,----- NOT USED -----,----- NOT USED -----,----- NOT USED -----,CLB BC Logic Table: 1 Mux C/D/Q Bit: 0,CLB BC Logic Table: 1 Mux C/D/Q Bit: 1,CLB BB Logic Table: 2 Mux C/D/Q Bit: 1,CLB BB Logic Table: 2 Mux C/D/Q Bit: 0,----- NOT USED -----,----- NOT USED -----,----- NOT USED -----,CLB BB Logic Table: 2 Mux B/C,CLB BB Logic Table: 2 Mux A/B,----- NOT USED -----,----- NOT USED -----,----- NOT USED -----,CLB BB Logic Table: 1 Mux A/B,CLB BB Logic Table: 1 Mux B/C,----- NOT USED -----,----- NOT USED -----,----- NOT USED -----,----- NOT USED -----,CLB BB Logic Table: 1 Mux C/D/Q Bit: 0,CLB BB Logic Table: 1 Mux C/D/Q Bit: 1,CLB BA Logic Table: 2 Mux C/D/Q Bit: 1,CLB BA Logic Table: 2 Mux C/D/Q Bit: 0,----- NOT USED -----,----- NOT USED -----,----- NOT USED -----,CLB BA Logic Table: 2 Mux B/C,CLB BA Logic Table: 2 Mux A/B,----- NOT USED -----,----- NOT USED -----,----- NOT USED -----,CLB BA Logic Table: 1 Mux A/B,CLB BA Logic Table: 1 Mux B/C,----- NOT USED -----,----- NOT USED -----,----- NOT USED -----,----- NOT USED -----,CLB BA Logic Table: 1 Mux C/D/Q Bit: 0,CLB BA Logic Table: 1 Mux C/D/Q Bit: 1,IOB P13.O MuxBit: 3,IOB P13.O MuxBit: 2,IOB P13.O MuxBit: 1
IOB P58.O MuxBit: 1,IOB P58.O MuxBit: 2,IOB P58.O MuxBit: 4,IOB P58.O MuxBit: 3,----- NOT USED -----,IOB P57.T MuxBit: 2,PIP  168G139,PIP  178G130,----- NOT USED -----,----- NOT USED -----,----- NOT USED -----,----- NOT USED -----,----- NOT USED -----,CLB BH.Y F/M or Q,CLB BH.Y G,CLB BH.X G,CLB BH.X F/M or Q,CLB BH Select Latch/FF,----- NOT USED -----,----- NOT USED -----,----- NOT USED -----,----- NOT USED -----,----- NOT USED -----,CLB BH Set A/F,CLB BH Set-Enable,CLB BH Reset-Enable,CLB BH Reset D/G,----- NOT USED -----,----- NOT USED -----,----- NOT USED -----,----- NOT USED -----,CLB BG.Y F/M or Q,CLB BG.Y G,CLB BG.X G,CLB BG.X F/M or Q,CLB BG Select Latch/FF,----- NOT USED -----,----- NOT USED -----,----- NOT USED -----,----- NOT USED -----,----- NOT USED -----,CLB BG Set A/F,CLB BG Set-Enable,CLB BG Reset-Enable,CLB BG Reset D/G,----- NOT USED -----,----- NOT USED -----,----- NOT USED -----,----- NOT USED -----,----- NOT USED -----,----- NOT USED -----,CLB BF.Y F/M or Q,CLB BF.Y G,CLB BF.X G,CLB BF.X F/M or Q,CLB BF Select Latch/FF,----- NOT USED -----,----- NOT USED -----,----- NOT USED -----,----- NOT USED -----,----- NOT USED -----,CLB BF Set A/F,CLB BF Set-Enable,CLB BF Reset-Enable,CLB BF Reset D/G,----- NOT USED -----,----- NOT USED -----,----- NOT USED -----,----- NOT USED -----,CLB BE.Y F/M or Q,CLB BE.Y G,CLB BE.X G,CLB BE.X F/M or Q,CLB BE Select Latch/FF,----- NOT USED -----,----- NOT USED -----,----- NOT USED -----,----- NOT USED -----,----- NOT USED -----,CLB BE Set A/F,CLB BE Set-Enable,CLB BE Reset-Enable,CLB BE Reset D/G,----- NOT USED -----,----- NOT USED -----,----- NOT USED -----,----- NOT USED -----,CLB BD.Y F/M or Q,CLB BD.Y G,CLB BD.X G,CLB BD.X F/M or Q,CLB BD Select Latch/FF,----- NOT USED -----,----- NOT USED -----,----- NOT USED -----,----- NOT USED -----,----- NOT USED -----,CLB BD Set A/F,CLB BD Set-Enable,CLB BD Reset-Enable,CLB BD Reset D/G,----- NOT USED -----,----- NOT USED -----,----- NOT USED -----,----- NOT USED -----,----- NOT USED -----,----- NOT USED -----,CLB BC.Y F/M or Q,CLB BC.Y G,CLB BC.X G,CLB BC.X F/M or Q,CLB BC Select Latch/FF,----- NOT USED -----,----- NOT USED -----,----- NOT USED -----,----- NOT USED -----,----- NOT USED -----,CLB BC Set A/F,CLB BC Set-Enable,CLB BC Reset-Enable,CLB BC Reset D/G,----- NOT USED -----,----- NOT USED -----,----- NOT USED -----,----- NOT USED -----,CLB BB.Y F/M or Q,CLB BB.Y G,CLB BB.X G,CLB BB.X F/M or Q,CLB BB Select Latch/FF,----- NOT USED -----,----- NOT USED -----,----- NOT USED -----,----- NOT USED -----,----- NOT USED -----,CLB BB Set A/F,CLB BB Set-Enable,CLB BB Reset-Enable,CLB BB Reset D/G,----- NOT USED -----,----- NOT USED -----,----- NOT USED -----,----- NOT USED -----,CLB BA.Y F/M or Q,CLB BA.Y G,CLB BA.X G,CLB BA.X F/M or Q,CLB BA Select Latch/FF,----- NOT USED -----,----- NOT USED -----,----- NOT USED -----,----- NOT USED -----,----- NOT USED -----,CLB BA Set A/F,CLB BA Set-Enable,CLB BA Reset-Enable,CLB BA Reset D/G,IOB P13.T MuxBit: 2,IOB P13.T MuxBit: 1,IOB P13.T MuxBit: 0
----- NOT USED -----,IOB P58.O MuxBit: 0,PIP  170G135,PIP  173G135,PIP  172G132,PIP  169G132,PIP  175G132,PIP  178G132,PIP  176G135,CLB AH.D MuxBit: 3,CLB BH.A MuxBit: 3,CLB BH.A MuxBit: 0,CLB BH.A MuxBit: 2,CLB AH.D MuxBit: 2,CLB AH.D MuxBit: 1,PIP  150G132,PIP  156G132,PIP  155G136,----- NOT USED -----,PIP  148G136,CLB BH CLK enable,CLB BH CLK Invert,CLB BH,CLB BH.K MuxBit: 0,CLB BH.K MuxBit: 1,PIP  153G132,PIP  147G132,CLB AG.D MuxBit: 3,CLB BG.A MuxBit: 3,CLB BG.A MuxBit: 0,CLB BG.A MuxBit: 2,CLB AG.D MuxBit: 2,CLB AG.D MuxBit: 1,PIP  130G132,PIP  136G132,PIP  135G136,----- NOT USED -----,PIP  128G136,CLB BG CLK enable,CLB BG CLK Invert,CLB BG,CLB BG.K MuxBit: 0,CLB BG.K MuxBit: 1,PIP  133G132,PIP  127G132,Bidi 125G141,Bidi 125G145,CLB AF.D MuxBit: 3,CLB BF.A MuxBit: 3,CLB BF.A MuxBit: 0,CLB BF.A MuxBit: 2,CLB AF.D MuxBit: 2,CLB AF.D MuxBit: 1,PIP  110G132,PIP  116G132,PIP  115G136,----- NOT USED -----,PIP  108G136,CLB BF CLK enable,CLB BF CLK Invert,CLB BF,CLB BF.K MuxBit: 0,CLB BF.K MuxBit: 1,PIP  113G132,PIP  107G132,CLB AE.D MuxBit: 3,CLB BE.A MuxBit: 3,CLB BE.A MuxBit: 0,CLB BE.A MuxBit: 2,CLB AE.D MuxBit: 2,CLB AE.D MuxBit: 1,PIP  90G132,PIP  96G132,PIP  95G136,----- NOT USED -----,PIP  88G136,CLB BE CLK enable,CLB BE CLK Invert,CLB BE,CLB BE.K MuxBit: 0,CLB BE.K MuxBit: 1,PIP  93G132,PIP  87G132,CLB AD.D MuxBit: 3,CLB BD.A MuxBit: 3,CLB BD.A MuxBit: 0,CLB BD.A MuxBit: 2,CLB AD.D MuxBit: 2,CLB AD.D MuxBit: 1,PIP  70G132,PIP  76G132,PIP  75G136,----- NOT USED -----,PIP  68G136,CLB BD CLK enable,CLB BD CLK Invert,CLB BD,CLB BD.K MuxBit: 0,CLB BD.K MuxBit: 1,PIP  73G132,PIP  67G132,Bidi 65G141,Bidi 65G145,CLB AC.D MuxBit: 3,CLB BC.A MuxBit: 3,CLB BC.A MuxBit: 0,CLB BC.A MuxBit: 2,CLB AC.D MuxBit: 2,CLB AC.D MuxBit: 1,PIP  50G132,PIP  56G132,PIP  55G136,----- NOT USED -----,PIP  48G136,CLB BC CLK enable,CLB BC CLK Invert,CLB BC,CLB BC.K MuxBit: 0,CLB BC.K MuxBit: 1,PIP  53G132,PIP  47G132,CLB AB.D MuxBit: 3,CLB BB.A MuxBit: 3,CLB BB.A MuxBit: 0,CLB BB.A MuxBit: 2,CLB AB.D MuxBit: 2,CLB AB.D MuxBit: 1,PIP  30G132,PIP  36G132,PIP  35G136,----- NOT USED -----,PIP  28G136,CLB BB CLK enable,CLB BB CLK Invert,CLB BB,CLB BB.K MuxBit: 0,CLB BB.K MuxBit: 1,PIP  33G132,PIP  27G132,CLB AA.D MuxBit: 3,CLB BA.A MuxBit: 3,CLB BA.A MuxBit: 0,CLB BA.A MuxBit: 2,CLB AA.D MuxBit: 2,CLB AA.D MuxBit: 1,----- NOT USED -----,PIP  12G130,PIP  11G137,----- NOT USED -----,PIP  6G130,CLB BA CLK enable,CLB BA CLK Invert,CLB BA,CLB BA.K MuxBit: 0,CLB BA.K MuxBit: 1,PIP  3G137,PIP  5G137,IOB P12.T MuxBit: 2,IOB P12.T MuxBit: 1,IOB P12.T MuxBit: 0
PIP  170G137,PIP  168G145,PIP  173G137,PIP  165G144,PIP  165G141,PIP  169G141,PIP  170G142,PIP  168G142,PIP  176G137,----- NOT USED -----,----- NOT USED -----,----- NOT USED -----,----- NOT USED -----,----- NOT USED -----,----- NOT USED -----,CLB BH.B MuxBit: 0,CLB BH.B MuxBit: 5,CLB BH.C MuxBit: 0,PIP  151G136,CLB BH.C MuxBit: 4,CLB BH.B MuxBit: 2,CLB BH.C MuxBit: 2,CLB BH.C MuxBit: 3,CLB BH.B MuxBit: 3,CLB BH.B MuxBit: 1,CLB BH.C MuxBit: 1,CLB BH.B MuxBit: 4,----- NOT USED -----,----- NOT USED -----,----- NOT USED -----,----- NOT USED -----,----- NOT USED -----,----- NOT USED -----,CLB BG.B MuxBit: 0,CLB BG.B MuxBit: 5,CLB BG.C MuxBit: 0,PIP  131G136,CLB BG.C MuxBit: 4,CLB BG.B MuxBit: 2,CLB BG.C MuxBit: 2,CLB BG.C MuxBit: 3,CLB BG.B MuxBit: 3,CLB BG.B MuxBit: 1,CLB BG.C MuxBit: 1,CLB BG.B MuxBit: 4,----- NOT USED -----,----- NOT USED -----,----- NOT USED -----,----- NOT USED -----,----- NOT USED -----,----- NOT USED -----,----- NOT USED -----,----- NOT USED -----,CLB BF.B MuxBit: 0,CLB BF.B MuxBit: 5,CLB BF.C MuxBit: 0,PIP  111G136,CLB BF.C MuxBit: 4,CLB BF.B MuxBit: 2,CLB BF.C MuxBit: 2,CLB BF.C MuxBit: 3,CLB BF.B MuxBit: 3,CLB BF.B MuxBit: 1,CLB BF.C MuxBit: 1,CLB BF.B MuxBit: 4,----- NOT USED -----,----- NOT USED -----,----- NOT USED -----,----- NOT USED -----,----- NOT USED -----,----- NOT USED -----,CLB BE.B MuxBit: 0,CLB BE.B MuxBit: 5,CLB BE.C MuxBit: 0,PIP  91G136,CLB BE.C MuxBit: 4,CLB BE.B MuxBit: 2,CLB BE.C MuxBit: 2,CLB BE.C MuxBit: 3,CLB BE.B MuxBit: 3,CLB BE.B MuxBit: 1,CLB BE.C MuxBit: 1,CLB BE.B MuxBit: 4,----- NOT USED -----,----- NOT USED -----,----- NOT USED -----,----- NOT USED -----,----- NOT USED -----,----- NOT USED -----,CLB BD.B MuxBit: 0,CLB BD.B MuxBit: 5,CLB BD.C MuxBit: 0,PIP  71G136,CLB BD.C MuxBit: 4,CLB BD.B MuxBit: 2,CLB BD.C MuxBit: 2,CLB BD.C MuxBit: 3,CLB BD.B MuxBit: 3,CLB BD.B MuxBit: 1,CLB BD.C MuxBit: 1,CLB BD.B MuxBit: 4,----- NOT USED -----,----- NOT USED -----,----- NOT USED -----,----- NOT USED -----,----- NOT USED -----,----- NOT USED -----,----- NOT USED -----,----- NOT USED -----,CLB BC.B MuxBit: 0,CLB BC.B MuxBit: 5,CLB BC.C MuxBit: 0,PIP  51G136,CLB BC.C MuxBit: 4,CLB BC.B MuxBit: 2,CLB BC.C MuxBit: 2,CLB BC.C MuxBit: 3,CLB BC.B MuxBit: 3,CLB BC.B MuxBit: 1,CLB BC.C MuxBit: 1,CLB BC.B MuxBit: 4,----- NOT USED -----,----- NOT USED -----,----- NOT USED -----,----- NOT USED -----,----- NOT USED -----,----- NOT USED -----,CLB BB.B MuxBit: 0,CLB BB.B MuxBit: 5,CLB BB.C MuxBit: 0,PIP  31G136,CLB BB.C MuxBit: 4,CLB BB.B MuxBit: 2,CLB BB.C MuxBit: 2,CLB BB.C MuxBit: 3,CLB BB.B MuxBit: 3,CLB BB.B MuxBit: 1,CLB BB.C MuxBit: 1,CLB BB.B MuxBit: 4,----- NOT USED -----,----- NOT USED -----,----- NOT USED -----,----- NOT USED -----,----- NOT USED -----,----- NOT USED -----,CLB BA.B MuxBit: 0,CLB BA.B MuxBit: 5,CLB BA.C MuxBit: 0,PIP  9G130,CLB BA.C MuxBit: 4,CLB BA.B MuxBit: 2,CLB BA.C MuxBit: 2,CLB BA.C MuxBit: 3,CLB BA.B MuxBit: 3,CLB BA.B MuxBit: 1,CLB BA.C MuxBit: 1,CLB BA.B MuxBit: 4,----- NOT USED -----,----- NOT USED -----,----- NOT USED -----
PIP  170G145,PIP  170G139,Magic @ 172G146 6 8,Magic @ 172G146 6 7,PIP  172G139,PIP  169G139,PIP  169G144,PIP  178G139,PIP  176G139,----- NOT USED -----,Magic @ 150G143 3 5,CLB AH.D MuxBit: 0,PIP  151G139,CLB BH.A MuxBit: 1,PIP  156G142,PIP  156G145,PIP  155G141,Magic @ 150G143 2 8,Magic @ 147G146 1 3,PIP  155G144,PIP  154G144,PIP  154G142,PIP  153G142,PIP  153G144,PIP  153G146,PIP  147G139,Magic @ 147G146 6 8,----- NOT USED -----,Magic @ 130G143 3 5,CLB AG.D MuxBit: 0,PIP  131G139,CLB BG.A MuxBit: 1,PIP  136G142,PIP  136G145,PIP  135G141,Magic @ 130G143 2 8,Magic @ 127G146 1 3,PIP  135G144,PIP  134G144,PIP  134G142,PIP  133G142,PIP  133G144,PIP  133G146,PIP  127G139,Magic @ 127G146 6 8,----- NOT USED -----,----- NOT USED -----,----- NOT USED -----,Magic @ 110G143 3 5,CLB AF.D MuxBit: 0,PIP  111G139,CLB BF.A MuxBit: 1,PIP  116G142,PIP  116G145,PIP  115G141,Magic @ 110G143 2 8,Magic @ 107G146 1 3,PIP  115G144,PIP  114G144,PIP  114G142,PIP  113G142,PIP  113G144,PIP  113G146,PIP  107G139,Magic @ 107G146 6 8,----- NOT USED -----,Magic @ 90G143 3 5,CLB AE.D MuxBit: 0,PIP  91G139,CLB BE.A MuxBit: 1,PIP  96G142,PIP  96G145,PIP  95G141,Magic @ 90G143 2 8,Magic @ 87G146 1 3,PIP  95G144,PIP  94G144,PIP  94G142,PIP  93G142,PIP  93G144,PIP  93G146,PIP  87G139,Magic @ 87G146 6 8,----- NOT USED -----,Magic @ 70G143 3 5,CLB AD.D MuxBit: 0,PIP  71G139,CLB BD.A MuxBit: 1,PIP  76G142,PIP  76G145,PIP  75G141,Magic @ 70G143 2 8,Magic @ 67G146 1 3,PIP  75G144,PIP  74G144,PIP  74G142,PIP  73G142,PIP  73G144,PIP  73G146,PIP  67G139,Magic @ 67G146 6 8,----- NOT USED -----,----- NOT USED -----,----- NOT USED -----,Magic @ 50G143 3 5,CLB AC.D MuxBit: 0,PIP  51G139,CLB BC.A MuxBit: 1,PIP  56G142,PIP  56G145,PIP  55G141,Magic @ 50G143 2 8,Magic @ 47G146 1 3,PIP  55G144,PIP  54G144,PIP  54G142,PIP  53G142,PIP  53G144,PIP  53G146,PIP  47G139,Magic @ 47G146 6 8,----- NOT USED -----,Magic @ 30G143 3 5,CLB AB.D MuxBit: 0,PIP  31G139,CLB BB.A MuxBit: 1,PIP  36G142,PIP  36G145,PIP  35G141,Magic @ 30G143 2 8,Magic @ 27G146 1 3,PIP  35G144,PIP  34G144,PIP  34G142,PIP  33G142,PIP  33G144,PIP  33G146,PIP  27G139,Magic @ 27G146 6 8,----- NOT USED -----,Magic @ 8G143 1 5,CLB AA.D MuxBit: 0,PIP  9G139,CLB BA.A MuxBit: 1,PIP  12G139,PIP  8G137,PIP  14G141,Magic @ 8G143 2 4,PIP  12G144,PIP  11G139,PIP  11G145,PIP  17G142,PIP  17G139,Magic @ 5G146 3 1,PIP  3G139,PIP  5G139,IOB P12.O MuxBit: 0,----- NOT USED -----,----- NOT USED -----,----- NOT USED -----
Magic @ 172G146 7 1,Magic @ 172G146 1 8,Magic @ 172G146 2 5,Magic @ 172G146 1 6,Magic @ 175G143 6 7,Magic @ 175G143 6 2,Magic @ 175G143 6 8,Magic @ 175G143 5 7,Magic @ 175G143 2 5,Magic @ 150G143 4 5,Magic @ 150G143 3 7,Magic @ 150G143 4 7,Magic @ 150G143 1 3,Magic @ 150G143 4 6,Magic @ 150G143 1 6,Magic @ 150G143 1 7,Magic @ 150G143 6 8,Magic @ 150G143 2 5,Magic @ 147G146 1 6,Magic @ 147G146 3 5,Magic @ 147G146 2 4,Magic @ 147G146 2 5,Magic @ 147G146 5 7,Magic @ 147G146 2 8,Magic @ 147G146 4 7,Magic @ 147G146 4 8,Magic @ 147G146 6 7,Magic @ 130G143 4 5,Magic @ 130G143 3 7,Magic @ 130G143 4 7,Magic @ 130G143 1 3,Magic @ 130G143 4 6,Magic @ 130G143 1 6,Magic @ 130G143 1 7,Magic @ 130G143 6 8,Magic @ 130G143 2 5,Magic @ 127G146 1 6,Magic @ 127G146 3 5,Magic @ 127G146 2 4,Magic @ 127G146 2 5,Magic @ 127G146 5 7,Magic @ 127G146 2 8,Magic @ 127G146 4 7,Magic @ 127G146 4 8,Magic @ 127G146 6 7,----- NOT USED -----,----- NOT USED -----,Magic @ 110G143 4 5,Magic @ 110G143 3 7,Magic @ 110G143 4 7,Magic @ 110G143 1 3,Magic @ 110G143 4 6,Magic @ 110G143 1 6,Magic @ 110G143 1 7,Magic @ 110G143 6 8,Magic @ 110G143 2 5,Magic @ 107G146 1 6,Magic @ 107G146 3 5,Magic @ 107G146 2 4,Magic @ 107G146 2 5,Magic @ 107G146 5 7,Magic @ 107G146 2 8,Magic @ 107G146 4 7,Magic @ 107G146 4 8,Magic @ 107G146 6 7,Magic @ 90G143 4 5,Magic @ 90G143 3 7,Magic @ 90G143 4 7,Magic @ 90G143 1 3,Magic @ 90G143 4 6,Magic @ 90G143 1 6,Magic @ 90G143 1 7,Magic @ 90G143 6 8,Magic @ 90G143 2 5,Magic @ 87G146 1 6,Magic @ 87G146 3 5,Magic @ 87G146 2 4,Magic @ 87G146 2 5,Magic @ 87G146 5 7,Magic @ 87G146 2 8,Magic @ 87G146 4 7,Magic @ 87G146 4 8,Magic @ 87G146 6 7,Magic @ 70G143 4 5,Magic @ 70G143 3 7,Magic @ 70G143 4 7,Magic @ 70G143 1 3,Magic @ 70G143 4 6,Magic @ 70G143 1 6,Magic @ 70G143 1 7,Magic @ 70G143 6 8,Magic @ 70G143 2 5,Magic @ 67G146 1 6,Magic @ 67G146 3 5,Magic @ 67G146 2 4,Magic @ 67G146 2 5,Magic @ 67G146 5 7,Magic @ 67G146 2 8,Magic @ 67G146 4 7,Magic @ 67G146 4 8,Magic @ 67G146 6 7,----- NOT USED -----,----- NOT USED -----,Magic @ 50G143 4 5,Magic @ 50G143 3 7,Magic @ 50G143 4 7,Magic @ 50G143 1 3,Magic @ 50G143 4 6,Magic @ 50G143 1 6,Magic @ 50G143 1 7,Magic @ 50G143 6 8,Magic @ 50G143 2 5,Magic @ 47G146 1 6,Magic @ 47G146 3 5,Magic @ 47G146 2 4,Magic @ 47G146 2 5,Magic @ 47G146 5 7,Magic @ 47G146 2 8,Magic @ 47G146 4 7,Magic @ 47G146 4 8,Magic @ 47G146 6 7,Magic @ 30G143 4 5,Magic @ 30G143 3 7,Magic @ 30G143 4 7,Magic @ 30G143 1 3,Magic @ 30G143 4 6,Magic @ 30G143 1 6,Magic @ 30G143 1 7,Magic @ 30G143 6 8,Magic @ 30G143 2 5,Magic @ 27G146 1 6,Magic @ 27G146 3 5,Magic @ 27G146 2 4,Magic @ 27G146 2 5,Magic @ 27G146 5 7,Magic @ 27G146 2 8,Magic @ 27G146 4 7,Magic @ 27G146 4 8,Magic @ 27G146 6 7,Magic @ 8G143 4 5,Magic @ 8G143 1 3,Magic @ 8G143 2 5,Magic @ 8G143 3 2,----- NOT USED -----,----- NOT USED -----,----- NOT USED -----,----- NOT USED -----,----- NOT USED -----,----- NOT USED -----,----- NOT USED -----,----- NOT USED -----,----- NOT USED -----,----- NOT USED -----,----- NOT USED -----,----- NOT USED -----,----- NOT USED -----,----- NOT USED -----,----- NOT USED -----,----- NOT USED -----,----- NOT USED -----
Magic @ 172G146 5 7,Magic @ 172G146 2 8,Magic @ 172G146 1 5,Magic @ 172G146 6 2,Magic @ 175G143 1 7,Magic @ 175G143 1 6,Magic @ 175G143 8 1,Magic @ 175G143 5 1,Magic @ 175G143 8 2,Magic @ 150G143 2 4,Magic @ 150G143 2 3,Magic @ 150G143 4 8,Magic @ 150G143 3 8,Magic @ 150G143 2 6,Magic @ 150G143 1 5,Magic @ 150G143 1 8,Magic @ 150G143 6 7,Magic @ 150G143 5 7,Magic @ 147G146 4 6,Magic @ 147G146 4 5,Magic @ 147G146 2 3,Magic @ 147G146 2 6,Magic @ 147G146 1 5,Magic @ 147G146 3 8,Magic @ 147G146 3 7,Magic @ 147G146 1 8,Magic @ 147G146 1 7,Magic @ 130G143 2 4,Magic @ 130G143 2 3,Magic @ 130G143 4 8,Magic @ 130G143 3 8,Magic @ 130G143 2 6,Magic @ 130G143 1 5,Magic @ 130G143 1 8,Magic @ 130G143 6 7,Magic @ 130G143 5 7,Magic @ 127G146 4 6,Magic @ 127G146 4 5,Magic @ 127G146 2 3,Magic @ 127G146 2 6,Magic @ 127G146 1 5,Magic @ 127G146 3 8,Magic @ 127G146 3 7,Magic @ 127G146 1 8,Magic @ 127G146 1 7,----- NOT USED -----,Bidi 125G144,Magic @ 110G143 2 4,Magic @ 110G143 2 3,Magic @ 110G143 4 8,Magic @ 110G143 3 8,Magic @ 110G143 2 6,Magic @ 110G143 1 5,Magic @ 110G143 1 8,Magic @ 110G143 6 7,Magic @ 110G143 5 7,Magic @ 107G146 4 6,Magic @ 107G146 4 5,Magic @ 107G146 2 3,Magic @ 107G146 2 6,Magic @ 107G146 1 5,Magic @ 107G146 3 8,Magic @ 107G146 3 7,Magic @ 107G146 1 8,Magic @ 107G146 1 7,Magic @ 90G143 2 4,Magic @ 90G143 2 3,Magic @ 90G143 4 8,Magic @ 90G143 3 8,Magic @ 90G143 2 6,Magic @ 90G143 1 5,Magic @ 90G143 1 8,Magic @ 90G143 6 7,Magic @ 90G143 5 7,Magic @ 87G146 4 6,Magic @ 87G146 4 5,Magic @ 87G146 2 3,Magic @ 87G146 2 6,Magic @ 87G146 1 5,Magic @ 87G146 3 8,Magic @ 87G146 3 7,Magic @ 87G146 1 8,Magic @ 87G146 1 7,Magic @ 70G143 2 4,Magic @ 70G143 2 3,Magic @ 70G143 4 8,Magic @ 70G143 3 8,Magic @ 70G143 2 6,Magic @ 70G143 1 5,Magic @ 70G143 1 8,Magic @ 70G143 6 7,Magic @ 70G143 5 7,Magic @ 67G146 4 6,Magic @ 67G146 4 5,Magic @ 67G146 2 3,Magic @ 67G146 2 6,Magic @ 67G146 1 5,Magic @ 67G146 3 8,Magic @ 67G146 3 7,Magic @ 67G146 1 8,Magic @ 67G146 1 7,----- NOT USED -----,Bidi 65G144,Magic @ 50G143 2 4,Magic @ 50G143 2 3,Magic @ 50G143 4 8,Magic @ 50G143 3 8,Magic @ 50G143 2 6,Magic @ 50G143 1 5,Magic @ 50G143 1 8,Magic @ 50G143 6 7,Magic @ 50G143 5 7,Magic @ 47G146 4 6,Magic @ 47G146 4 5,Magic @ 47G146 2 3,Magic @ 47G146 2 6,Magic @ 47G146 1 5,Magic @ 47G146 3 8,Magic @ 47G146 3 7,Magic @ 47G146 1 8,Magic @ 47G146 1 7,Magic @ 30G143 2 4,Magic @ 30G143 2 3,Magic @ 30G143 4 8,Magic @ 30G143 3 8,Magic @ 30G143 2 6,Magic @ 30G143 1 5,Magic @ 30G143 1 8,Magic @ 30G143 6 7,Magic @ 30G143 5 7,Magic @ 27G146 4 6,Magic @ 27G146 4 5,Magic @ 27G146 2 3,Magic @ 27G146 2 6,Magic @ 27G146 1 5,Magic @ 27G146 3 8,Magic @ 27G146 3 7,Magic @ 27G146 1 8,Magic @ 27G146 1 7,Magic @ 8G143 4 6,Magic @ 8G143 1 6,Magic @ 8G143 3 5,Magic @ 8G143 2 6,----- NOT USED -----,----- NOT USED -----,----- NOT USED -----,----- NOT USED -----,Magic @ 5G146 4 2,Magic @ 5G146 4 5,Magic @ 5G146 3 5,Magic @ 5G146 3 2,Magic @ 5G146 2 5,Magic @ 5G146 1 5,Magic @ 5G146 2 6,Magic @ 5G146 4 6,Magic @ 5G146 1 6,IOB P12.O MuxBit: 1,IOB P12.O MuxBit: 2,IOB P12.O MuxBit: 3,IOB P12.I PAD/Latched
----- NOT USED -----,----- NOT USED -----,IOB P59.I PAD/Latched,----- NOT USED -----,IOB P59,IOB P59.T MuxBit: 1,IOB P59.O MuxBit: 0,IOB P59.O MuxBit: 1,IOB P59.O MuxBit: 2,CLB AH Logic Table: 2 Bit: 1,CLB AH Logic Table: 2 Bit: 0,CLB AH Logic Table: 2 Bit: 2,CLB AH Logic Table: 2 Bit: 3,CLB AH Logic Table: 2 Bit: 5,CLB AH Logic Table: 2 Bit: 4,CLB AH Logic Table: 2 Bit: 6,CLB AH Logic Table: 2 Bit: 7,CLB AH BASE FG,----- NOT USED -----,CLB AH Logic Table: 1 Bit: 7,CLB AH Logic Table: 1 Bit: 6,CLB AH Logic Table: 1 Bit: 4,CLB AH Logic Table: 1 Bit: 5,CLB AH Logic Table: 1 Bit: 3,CLB AH Logic Table: 1 Bit: 2,CLB AH Logic Table: 1 Bit: 0,CLB AH Logic Table: 1 Bit: 1,CLB AG Logic Table: 2 Bit: 1,CLB AG Logic Table: 2 Bit: 0,CLB AG Logic Table: 2 Bit: 2,CLB AG Logic Table: 2 Bit: 3,CLB AG Logic Table: 2 Bit: 5,CLB AG Logic Table: 2 Bit: 4,CLB AG Logic Table: 2 Bit: 6,CLB AG Logic Table: 2 Bit: 7,CLB AG BASE FG,----- NOT USED -----,CLB AG Logic Table: 1 Bit: 7,CLB AG Logic Table: 1 Bit: 6,CLB AG Logic Table: 1 Bit: 4,CLB AG Logic Table: 1 Bit: 5,CLB AG Logic Table: 1 Bit: 3,CLB AG Logic Table: 1 Bit: 2,CLB AG Logic Table: 1 Bit: 0,CLB AG Logic Table: 1 Bit: 1,----- NOT USED -----,----- NOT USED -----,CLB AF Logic Table: 2 Bit: 1,CLB AF Logic Table: 2 Bit: 0,CLB AF Logic Table: 2 Bit: 2,CLB AF Logic Table: 2 Bit: 3,CLB AF Logic Table: 2 Bit: 5,CLB AF Logic Table: 2 Bit: 4,CLB AF Logic Table: 2 Bit: 6,CLB AF Logic Table: 2 Bit: 7,CLB AF BASE FG,----- NOT USED -----,CLB AF Logic Table: 1 Bit: 7,CLB AF Logic Table: 1 Bit: 6,CLB AF Logic Table: 1 Bit: 4,CLB AF Logic Table: 1 Bit: 5,CLB AF Logic Table: 1 Bit: 3,CLB AF Logic Table: 1 Bit: 2,CLB AF Logic Table: 1 Bit: 0,CLB AF Logic Table: 1 Bit: 1,CLB AE Logic Table: 2 Bit: 1,CLB AE Logic Table: 2 Bit: 0,CLB AE Logic Table: 2 Bit: 2,CLB AE Logic Table: 2 Bit: 3,CLB AE Logic Table: 2 Bit: 5,CLB AE Logic Table: 2 Bit: 4,CLB AE Logic Table: 2 Bit: 6,CLB AE Logic Table: 2 Bit: 7,CLB AE BASE FG,----- NOT USED -----,CLB AE Logic Table: 1 Bit: 7,CLB AE Logic Table: 1 Bit: 6,CLB AE Logic Table: 1 Bit: 4,CLB AE Logic Table: 1 Bit: 5,CLB AE Logic Table: 1 Bit: 3,CLB AE Logic Table: 1 Bit: 2,CLB AE Logic Table: 1 Bit: 0,CLB AE Logic Table: 1 Bit: 1,CLB AD Logic Table: 2 Bit: 1,CLB AD Logic Table: 2 Bit: 0,CLB AD Logic Table: 2 Bit: 2,CLB AD Logic Table: 2 Bit: 3,CLB AD Logic Table: 2 Bit: 5,CLB AD Logic Table: 2 Bit: 4,CLB AD Logic Table: 2 Bit: 6,CLB AD Logic Table: 2 Bit: 7,CLB AD BASE FG,----- NOT USED -----,CLB AD Logic Table: 1 Bit: 7,CLB AD Logic Table: 1 Bit: 6,CLB AD Logic Table: 1 Bit: 4,CLB AD Logic Table: 1 Bit: 5,CLB AD Logic Table: 1 Bit: 3,CLB AD Logic Table: 1 Bit: 2,CLB AD Logic Table: 1 Bit: 0,CLB AD Logic Table: 1 Bit: 1,----- NOT USED -----,----- NOT USED -----,CLB AC Logic Table: 2 Bit: 1,CLB AC Logic Table: 2 Bit: 0,CLB AC Logic Table: 2 Bit: 2,CLB AC Logic Table: 2 Bit: 3,CLB AC Logic Table: 2 Bit: 5,CLB AC Logic Table: 2 Bit: 4,CLB AC Logic Table: 2 Bit: 6,CLB AC Logic Table: 2 Bit: 7,CLB AC BASE FG,----- NOT USED -----,CLB AC Logic Table: 1 Bit: 7,CLB AC Logic Table: 1 Bit: 6,CLB AC Logic Table: 1 Bit: 4,CLB AC Logic Table: 1 Bit: 5,CLB AC Logic Table: 1 Bit: 3,CLB AC Logic Table: 1 Bit: 2,CLB AC Logic Table: 1 Bit: 0,CLB AC Logic Table: 1 Bit: 1,CLB AB Logic Table: 2 Bit: 1,CLB AB Logic Table: 2 Bit: 0,CLB AB Logic Table: 2 Bit: 2,CLB AB Logic Table: 2 Bit: 3,CLB AB Logic Table: 2 Bit: 5,CLB AB Logic Table: 2 Bit: 4,CLB AB Logic Table: 2 Bit: 6,CLB AB Logic Table: 2 Bit: 7,CLB AB BASE FG,----- NOT USED -----,CLB AB Logic Table: 1 Bit: 7,CLB AB Logic Table: 1 Bit: 6,CLB AB Logic Table: 1 Bit: 4,CLB AB Logic Table: 1 Bit: 5,CLB AB Logic Table: 1 Bit: 3,CLB AB Logic Table: 1 Bit: 2,CLB AB Logic Table: 1 Bit: 0,CLB AB Logic Table: 1 Bit: 1,CLB AA Logic Table: 2 Bit: 1,CLB AA Logic Table: 2 Bit: 0,CLB AA Logic Table: 2 Bit: 2,CLB AA Logic Table: 2 Bit: 3,CLB AA Logic Table: 2 Bit: 5,CLB AA Logic Table: 2 Bit: 4,CLB AA Logic Table: 2 Bit: 6,CLB AA Logic Table: 2 Bit: 7,CLB AA BASE FG,----- NOT USED -----,CLB AA Logic Table: 1 Bit: 7,CLB AA Logic Table: 1 Bit: 6,CLB AA Logic Table: 1 Bit: 4,CLB AA Logic Table: 1 Bit: 5,CLB AA Logic Table: 1 Bit: 3,CLB AA Logic Table: 1 Bit: 2,CLB AA Logic Table: 1 Bit: 0,CLB AA Logic Table: 1 Bit: 1,IOB P11.O MuxBit: 0,IOB P11.I PAD/Latched,----- NOT USED -----
----- NOT USED -----,----- NOT USED -----,----- NOT USED -----,PIP  172G149,PIP  169G149,PIP  175G149,IOB P59.O MuxBit: 3,IOB P59.O MuxBit: 4,----- NOT USED -----,CLB AH Logic Table: 2 Mux C/D/Q Bit: 1,CLB AH Logic Table: 2 Mux C/D/Q Bit: 0,----- NOT USED -----,----- NOT USED -----,----- NOT USED -----,CLB AH Logic Table: 2 Mux B/C,CLB AH Logic Table: 2 Mux A/B,----- NOT USED -----,----- NOT USED -----,----- NOT USED -----,CLB AH Logic Table: 1 Mux A/B,CLB AH Logic Table: 1 Mux B/C,----- NOT USED -----,----- NOT USED -----,----- NOT USED -----,----- NOT USED -----,CLB AH Logic Table: 1 Mux C/D/Q Bit: 0,CLB AH Logic Table: 1 Mux C/D/Q Bit: 1,CLB AG Logic Table: 2 Mux C/D/Q Bit: 1,CLB AG Logic Table: 2 Mux C/D/Q Bit: 0,----- NOT USED -----,----- NOT USED -----,----- NOT USED -----,CLB AG Logic Table: 2 Mux B/C,CLB AG Logic Table: 2 Mux A/B,----- NOT USED -----,----- NOT USED -----,----- NOT USED -----,CLB AG Logic Table: 1 Mux A/B,CLB AG Logic Table: 1 Mux B/C,----- NOT USED -----,----- NOT USED -----,----- NOT USED -----,----- NOT USED -----,CLB AG Logic Table: 1 Mux C/D/Q Bit: 0,CLB AG Logic Table: 1 Mux C/D/Q Bit: 1,----- NOT USED -----,----- NOT USED -----,CLB AF Logic Table: 2 Mux C/D/Q Bit: 1,CLB AF Logic Table: 2 Mux C/D/Q Bit: 0,----- NOT USED -----,----- NOT USED -----,----- NOT USED -----,CLB AF Logic Table: 2 Mux B/C,CLB AF Logic Table: 2 Mux A/B,----- NOT USED -----,----- NOT USED -----,----- NOT USED -----,CLB AF Logic Table: 1 Mux A/B,CLB AF Logic Table: 1 Mux B/C,----- NOT USED -----,----- NOT USED -----,----- NOT USED -----,----- NOT USED -----,CLB AF Logic Table: 1 Mux C/D/Q Bit: 0,CLB AF Logic Table: 1 Mux C/D/Q Bit: 1,CLB AE Logic Table: 2 Mux C/D/Q Bit: 1,CLB AE Logic Table: 2 Mux C/D/Q Bit: 0,----- NOT USED -----,----- NOT USED -----,----- NOT USED -----,CLB AE Logic Table: 2 Mux B/C,CLB AE Logic Table: 2 Mux A/B,----- NOT USED -----,----- NOT USED -----,----- NOT USED -----,CLB AE Logic Table: 1 Mux A/B,CLB AE Logic Table: 1 Mux B/C,----- NOT USED -----,----- NOT USED -----,----- NOT USED -----,----- NOT USED -----,CLB AE Logic Table: 1 Mux C/D/Q Bit: 0,CLB AE Logic Table: 1 Mux C/D/Q Bit: 1,CLB AD Logic Table: 2 Mux C/D/Q Bit: 1,CLB AD Logic Table: 2 Mux C/D/Q Bit: 0,----- NOT USED -----,----- NOT USED -----,----- NOT USED -----,CLB AD Logic Table: 2 Mux B/C,CLB AD Logic Table: 2 Mux A/B,----- NOT USED -----,----- NOT USED -----,----- NOT USED -----,CLB AD Logic Table: 1 Mux A/B,CLB AD Logic Table: 1 Mux B/C,----- NOT USED -----,----- NOT USED -----,----- NOT USED -----,----- NOT USED -----,CLB AD Logic Table: 1 Mux C/D/Q Bit: 0,CLB AD Logic Table: 1 Mux C/D/Q Bit: 1,----- NOT USED -----,----- NOT USED -----,CLB AC Logic Table: 2 Mux C/D/Q Bit: 1,CLB AC Logic Table: 2 Mux C/D/Q Bit: 0,----- NOT USED -----,----- NOT USED -----,----- NOT USED -----,CLB AC Logic Table: 2 Mux B/C,CLB AC Logic Table: 2 Mux A/B,----- NOT USED -----,----- NOT USED -----,----- NOT USED -----,CLB AC Logic Table: 1 Mux A/B,CLB AC Logic Table: 1 Mux B/C,----- NOT USED -----,----- NOT USED -----,----- NOT USED -----,----- NOT USED -----,CLB AC Logic Table: 1 Mux C/D/Q Bit: 0,CLB AC Logic Table: 1 Mux C/D/Q Bit: 1,CLB AB Logic Table: 2 Mux C/D/Q Bit: 1,CLB AB Logic Table: 2 Mux C/D/Q Bit: 0,----- NOT USED -----,----- NOT USED -----,----- NOT USED -----,CLB AB Logic Table: 2 Mux B/C,CLB AB Logic Table: 2 Mux A/B,----- NOT USED -----,----- NOT USED -----,----- NOT USED -----,CLB AB Logic Table: 1 Mux A/B,CLB AB Logic Table: 1 Mux B/C,----- NOT USED -----,----- NOT USED -----,----- NOT USED -----,----- NOT USED -----,CLB AB Logic Table: 1 Mux C/D/Q Bit: 0,CLB AB Logic Table: 1 Mux C/D/Q Bit: 1,CLB AA Logic Table: 2 Mux C/D/Q Bit: 1,CLB AA Logic Table: 2 Mux C/D/Q Bit: 0,----- NOT USED -----,----- NOT USED -----,----- NOT USED -----,CLB AA Logic Table: 2 Mux B/C,CLB AA Logic Table: 2 Mux A/B,----- NOT USED -----,----- NOT USED -----,----- NOT USED -----,CLB AA Logic Table: 1 Mux A/B,CLB AA Logic Table: 1 Mux B/C,----- NOT USED -----,----- NOT USED -----,----- NOT USED -----,----- NOT USED -----,CLB AA Logic Table: 1 Mux C/D/Q Bit: 0,CLB AA Logic Table: 1 Mux C/D/Q Bit: 1,IOB P11.O MuxBit: 3,IOB P11.O MuxBit: 2,IOB P11.O MuxBit: 1
----- NOT USED -----,----- NOT USED -----,----- NOT USED -----,----- NOT USED -----,----- NOT USED -----,IOB P59.T MuxBit: 2,----- NOT USED -----,PIP  178G149,----- NOT USED -----,----- NOT USED -----,----- NOT USED -----,----- NOT USED -----,----- NOT USED -----,CLB AH.Y F/M or Q,CLB AH.Y G,CLB AH.X G,CLB AH.X F/M or Q,CLB AH Select Latch/FF,----- NOT USED -----,----- NOT USED -----,----- NOT USED -----,----- NOT USED -----,----- NOT USED -----,CLB AH Set A/F,CLB AH Set-Enable,CLB AH Reset-Enable,CLB AH Reset D/G,----- NOT USED -----,----- NOT USED -----,----- NOT USED -----,----- NOT USED -----,CLB AG.Y F/M or Q,CLB AG.Y G,CLB AG.X G,CLB AG.X F/M or Q,CLB AG Select Latch/FF,----- NOT USED -----,----- NOT USED -----,----- NOT USED -----,----- NOT USED -----,----- NOT USED -----,CLB AG Set A/F,CLB AG Set-Enable,CLB AG Reset-Enable,CLB AG Reset D/G,----- NOT USED -----,----- NOT USED -----,----- NOT USED -----,----- NOT USED -----,----- NOT USED -----,----- NOT USED -----,CLB AF.Y F/M or Q,CLB AF.Y G,CLB AF.X G,CLB AF.X F/M or Q,CLB AF Select Latch/FF,----- NOT USED -----,----- NOT USED -----,----- NOT USED -----,----- NOT USED -----,----- NOT USED -----,CLB AF Set A/F,CLB AF Set-Enable,CLB AF Reset-Enable,CLB AF Reset D/G,----- NOT USED -----,----- NOT USED -----,----- NOT USED -----,----- NOT USED -----,CLB AE.Y F/M or Q,CLB AE.Y G,CLB AE.X G,CLB AE.X F/M or Q,CLB AE Select Latch/FF,----- NOT USED -----,----- NOT USED -----,----- NOT USED -----,----- NOT USED -----,----- NOT USED -----,CLB AE Set A/F,CLB AE Set-Enable,CLB AE Reset-Enable,CLB AE Reset D/G,----- NOT USED -----,----- NOT USED -----,----- NOT USED -----,----- NOT USED -----,CLB AD.Y F/M or Q,CLB AD.Y G,CLB AD.X G,CLB AD.X F/M or Q,CLB AD Select Latch/FF,----- NOT USED -----,----- NOT USED -----,----- NOT USED -----,----- NOT USED -----,----- NOT USED -----,CLB AD Set A/F,CLB AD Set-Enable,CLB AD Reset-Enable,CLB AD Reset D/G,----- NOT USED -----,----- NOT USED -----,----- NOT USED -----,----- NOT USED -----,----- NOT USED -----,----- NOT USED -----,CLB AC.Y F/M or Q,CLB AC.Y G,CLB AC.X G,CLB AC.X F/M or Q,CLB AC Select Latch/FF,----- NOT USED -----,----- NOT USED -----,----- NOT USED -----,----- NOT USED -----,----- NOT USED -----,CLB AC Set A/F,CLB AC Set-Enable,CLB AC Reset-Enable,CLB AC Reset D/G,----- NOT USED -----,----- NOT USED -----,----- NOT USED -----,----- NOT USED -----,CLB AB.Y F/M or Q,CLB AB.Y G,CLB AB.X G,CLB AB.X F/M or Q,CLB AB Select Latch/FF,----- NOT USED -----,----- NOT USED -----,----- NOT USED -----,----- NOT USED -----,----- NOT USED -----,CLB AB Set A/F,CLB AB Set-Enable,CLB AB Reset-Enable,CLB AB Reset D/G,----- NOT USED -----,----- NOT USED -----,----- NOT USED -----,----- NOT USED -----,CLB AA.Y F/M or Q,CLB AA.Y G,CLB AA.X G,CLB AA.X F/M or Q,CLB AA Select Latch/FF,----- NOT USED -----,----- NOT USED -----,----- NOT USED -----,----- NOT USED -----,----- NOT USED -----,CLB AA Set A/F,CLB AA Set-Enable,CLB AA Reset-Enable,CLB AA Reset D/G,IOB P11.T MuxBit: 2,IOB P11.T MuxBit: 1,IOB P11.T MuxBit: 0
----- NOT USED -----,----- NOT USED -----,PIP  170G154,PIP  173G154,PIP  172G151,PIP  169G151,PIP  175G151,PIP  178G151,PIP  176G154,CLB AH.B MuxBit: 5,CLB AH.C MuxBit: 4,CLB AH.B MuxBit: 1,CLB AH.C MuxBit: 1,CLB AH.B MuxBit: 2,CLB AH.B MuxBit: 0,PIP  150G151,PIP  156G151,PIP  155G155,----- NOT USED -----,PIP  148G155,CLB AH CLK enable,CLB AH CLK Invert,CLB AH,CLB AH.K MuxBit: 0,CLB AH.K MuxBit: 1,PIP  153G151,PIP  147G151,CLB AG.B MuxBit: 5,CLB AG.C MuxBit: 4,CLB AG.B MuxBit: 1,CLB AG.C MuxBit: 1,CLB AG.B MuxBit: 2,CLB AG.B MuxBit: 0,PIP  130G151,PIP  136G151,PIP  135G155,----- NOT USED -----,PIP  128G155,CLB AG CLK enable,CLB AG CLK Invert,CLB AG,CLB AG.K MuxBit: 0,CLB AG.K MuxBit: 1,PIP  133G151,PIP  127G151,----- NOT USED -----,----- NOT USED -----,CLB AF.B MuxBit: 5,CLB AF.C MuxBit: 4,CLB AF.B MuxBit: 1,CLB AF.C MuxBit: 1,CLB AF.B MuxBit: 2,CLB AF.B MuxBit: 0,PIP  110G151,PIP  116G151,PIP  115G155,----- NOT USED -----,PIP  108G155,CLB AF CLK enable,CLB AF CLK Invert,CLB AF,CLB AF.K MuxBit: 0,CLB AF.K MuxBit: 1,PIP  113G151,PIP  107G151,CLB AE.B MuxBit: 5,CLB AE.C MuxBit: 4,CLB AE.B MuxBit: 1,CLB AE.C MuxBit: 1,CLB AE.B MuxBit: 2,CLB AE.B MuxBit: 0,PIP  90G151,PIP  96G151,PIP  95G155,----- NOT USED -----,PIP  88G155,CLB AE CLK enable,CLB AE CLK Invert,CLB AE,CLB AE.K MuxBit: 0,CLB AE.K MuxBit: 1,PIP  93G151,PIP  87G151,CLB AD.B MuxBit: 5,CLB AD.C MuxBit: 4,CLB AD.B MuxBit: 1,CLB AD.C MuxBit: 1,CLB AD.B MuxBit: 2,CLB AD.B MuxBit: 0,PIP  70G151,PIP  76G151,PIP  75G155,----- NOT USED -----,PIP  68G155,CLB AD CLK enable,CLB AD CLK Invert,CLB AD,CLB AD.K MuxBit: 0,CLB AD.K MuxBit: 1,PIP  73G151,PIP  67G151,----- NOT USED -----,----- NOT USED -----,CLB AC.B MuxBit: 5,CLB AC.C MuxBit: 4,CLB AC.B MuxBit: 1,CLB AC.C MuxBit: 1,CLB AC.B MuxBit: 2,CLB AC.B MuxBit: 0,PIP  50G151,PIP  56G151,PIP  55G155,----- NOT USED -----,PIP  48G155,CLB AC CLK enable,CLB AC CLK Invert,CLB AC,CLB AC.K MuxBit: 0,CLB AC.K MuxBit: 1,PIP  53G151,PIP  47G151,CLB AB.B MuxBit: 5,CLB AB.C MuxBit: 4,CLB AB.B MuxBit: 1,CLB AB.C MuxBit: 1,CLB AB.B MuxBit: 2,CLB AB.B MuxBit: 0,PIP  30G151,PIP  36G151,PIP  35G155,----- NOT USED -----,PIP  28G155,CLB AB CLK enable,CLB AB CLK Invert,CLB AB,CLB AB.K MuxBit: 0,CLB AB.K MuxBit: 1,PIP  33G151,PIP  27G151,CLB AA.B MuxBit: 5,CLB AA.C MuxBit: 4,CLB AA.B MuxBit: 1,CLB AA.C MuxBit: 1,CLB AA.B MuxBit: 2,CLB AA.B MuxBit: 0,----- NOT USED -----,PIP  12G149,----- NOT USED -----,----- NOT USED -----,----- NOT USED -----,CLB AA CLK enable,CLB AA CLK Invert,CLB AA,CLB AA.K MuxBit: 0,CLB AA.K MuxBit: 1,----- NOT USED -----,----- NOT USED -----,CLB CLK.AA.I MuxBit: 0,CLB CLK.AA.I MuxBit: 3,CLB CLK.AA.I MuxBit: 2
PIP  170G159,PIP  173G159,PIP  173G164,PIP  172G163,PIP  175G166,PIP  178G159,PIP  178G169,PIP  176G169,PIP  176G159,----- NOT USED -----,----- NOT USED -----,----- NOT USED -----,----- NOT USED -----,----- NOT USED -----,----- NOT USED -----,----- NOT USED -----,----- NOT USED -----,----- NOT USED -----,----- NOT USED -----,----- NOT USED -----,----- NOT USED -----,PIP  151G155,CLB AH.C MuxBit: 0,CLB AH.B MuxBit: 3,CLB AH.B MuxBit: 4,CLB AH.C MuxBit: 2,CLB AH.C MuxBit: 3,----- NOT USED -----,----- NOT USED -----,----- NOT USED -----,----- NOT USED -----,----- NOT USED -----,----- NOT USED -----,----- NOT USED -----,----- NOT USED -----,----- NOT USED -----,----- NOT USED -----,----- NOT USED -----,----- NOT USED -----,PIP  131G155,CLB AG.C MuxBit: 0,CLB AG.B MuxBit: 3,CLB AG.B MuxBit: 4,CLB AG.C MuxBit: 2,CLB AG.C MuxBit: 3,Bidi 125G163,----- NOT USED -----,----- NOT USED -----,----- NOT USED -----,----- NOT USED -----,----- NOT USED -----,----- NOT USED -----,----- NOT USED -----,----- NOT USED -----,----- NOT USED -----,----- NOT USED -----,----- NOT USED -----,----- NOT USED -----,----- NOT USED -----,PIP  111G155,CLB AF.C MuxBit: 0,CLB AF.B MuxBit: 3,CLB AF.B MuxBit: 4,CLB AF.C MuxBit: 2,CLB AF.C MuxBit: 3,----- NOT USED -----,----- NOT USED -----,----- NOT USED -----,----- NOT USED -----,----- NOT USED -----,----- NOT USED -----,----- NOT USED -----,----- NOT USED -----,----- NOT USED -----,----- NOT USED -----,----- NOT USED -----,----- NOT USED -----,PIP  91G155,CLB AE.C MuxBit: 0,CLB AE.B MuxBit: 3,CLB AE.B MuxBit: 4,CLB AE.C MuxBit: 2,CLB AE.C MuxBit: 3,----- NOT USED -----,----- NOT USED -----,----- NOT USED -----,----- NOT USED -----,----- NOT USED -----,----- NOT USED -----,----- NOT USED -----,----- NOT USED -----,----- NOT USED -----,----- NOT USED -----,----- NOT USED -----,----- NOT USED -----,PIP  71G155,CLB AD.C MuxBit: 0,CLB AD.B MuxBit: 3,CLB AD.B MuxBit: 4,CLB AD.C MuxBit: 2,CLB AD.C MuxBit: 3,Bidi 65G163,----- NOT USED -----,----- NOT USED -----,----- NOT USED -----,----- NOT USED -----,----- NOT USED -----,----- NOT USED -----,----- NOT USED -----,----- NOT USED -----,----- NOT USED -----,----- NOT USED -----,----- NOT USED -----,----- NOT USED -----,----- NOT USED -----,PIP  51G155,CLB AC.C MuxBit: 0,CLB AC.B MuxBit: 3,CLB AC.B MuxBit: 4,CLB AC.C MuxBit: 2,CLB AC.C MuxBit: 3,----- NOT USED -----,----- NOT USED -----,----- NOT USED -----,----- NOT USED -----,----- NOT USED -----,----- NOT USED -----,----- NOT USED -----,----- NOT USED -----,----- NOT USED -----,----- NOT USED -----,----- NOT USED -----,----- NOT USED -----,PIP  31G155,CLB AB.C MuxBit: 0,CLB AB.B MuxBit: 3,CLB AB.B MuxBit: 4,CLB AB.C MuxBit: 2,CLB AB.C MuxBit: 3,----- NOT USED -----,----- NOT USED -----,----- NOT USED -----,----- NOT USED -----,----- NOT USED -----,----- NOT USED -----,----- NOT USED -----,----- NOT USED -----,----- NOT USED -----,----- NOT USED -----,----- NOT USED -----,----- NOT USED -----,----- NOT USED -----,CLB AA.C MuxBit: 0,CLB AA.B MuxBit: 3,CLB AA.B MuxBit: 4,CLB AA.C MuxBit: 2,CLB AA.C MuxBit: 3,----- NOT USED -----,----- NOT USED -----,----- NOT USED -----
----- NOT USED -----,----- NOT USED -----,----- NOT USED -----,----- NOT USED -----,----- NOT USED -----,----- NOT USED -----,----- NOT USED -----,----- NOT USED -----,----- NOT USED -----,Magic @ 150G165 5 3,Magic @ 150G165 5 7,Magic @ 150G165 6 4,Magic @ 150G165 7 4,Magic @ 150G165 8 4,PIP  156G167,PIP  156G161,PIP  150G160,PIP  159G164,PIP  159G161,PIP  153G166,PIP  148G157,Magic @ 147G168 5 4,Magic @ 147G168 5 7,PIP  147G160,Magic @ 147G168 4 6,Magic @ 147G168 7 4,Magic @ 147G168 6 8,Magic @ 130G165 5 3,Magic @ 130G165 5 7,Magic @ 130G165 6 4,Magic @ 130G165 7 4,Magic @ 130G165 8 4,PIP  136G167,PIP  136G161,PIP  130G160,PIP  139G164,PIP  139G161,PIP  133G166,PIP  128G157,Magic @ 127G168 5 4,Magic @ 127G168 5 7,PIP  127G160,Magic @ 127G168 4 6,Magic @ 127G168 7 4,Magic @ 127G168 6 8,----- NOT USED -----,----- NOT USED -----,Magic @ 110G165 5 3,Magic @ 110G165 5 7,Magic @ 110G165 6 4,Magic @ 110G165 7 4,Magic @ 110G165 8 4,PIP  116G167,PIP  116G161,PIP  110G160,PIP  119G164,PIP  119G161,PIP  113G166,PIP  108G157,Magic @ 107G168 5 4,Magic @ 107G168 5 7,PIP  107G160,Magic @ 107G168 4 6,Magic @ 107G168 7 4,Magic @ 107G168 6 8,Magic @ 90G165 5 3,Magic @ 90G165 5 7,Magic @ 90G165 6 4,Magic @ 90G165 7 4,Magic @ 90G165 8 4,PIP  96G167,PIP  96G161,PIP  90G160,PIP  99G164,PIP  99G161,PIP  93G166,PIP  88G157,Magic @ 87G168 5 4,Magic @ 87G168 5 7,PIP  87G160,Magic @ 87G168 4 6,Magic @ 87G168 7 4,Magic @ 87G168 6 8,Magic @ 70G165 5 3,Magic @ 70G165 5 7,Magic @ 70G165 6 4,Magic @ 70G165 7 4,Magic @ 70G165 8 4,PIP  76G167,PIP  76G161,PIP  70G160,PIP  79G164,PIP  79G161,PIP  73G166,PIP  68G157,Magic @ 67G168 5 4,Magic @ 67G168 5 7,PIP  67G160,Magic @ 67G168 4 6,Magic @ 67G168 7 4,Magic @ 67G168 6 8,----- NOT USED -----,----- NOT USED -----,Magic @ 50G165 5 3,Magic @ 50G165 5 7,Magic @ 50G165 6 4,Magic @ 50G165 7 4,Magic @ 50G165 8 4,PIP  56G167,PIP  56G161,PIP  50G160,PIP  59G164,PIP  59G161,PIP  53G166,PIP  48G157,Magic @ 47G168 5 4,Magic @ 47G168 5 7,PIP  47G160,Magic @ 47G168 4 6,Magic @ 47G168 7 4,Magic @ 47G168 6 8,Magic @ 30G165 5 3,Magic @ 30G165 5 7,Magic @ 30G165 6 4,Magic @ 30G165 7 4,Magic @ 30G165 8 4,PIP  36G167,PIP  36G161,PIP  30G160,PIP  39G164,PIP  39G161,PIP  33G166,PIP  28G157,Magic @ 27G168 5 4,Magic @ 27G168 5 7,PIP  27G160,Magic @ 27G168 4 6,Magic @ 27G168 7 4,Magic @ 27G168 6 8,PIP  9G163,PIP  18G164,PIP  18G167,PIP  18G161,PIP  12G161,PIP  9G149,PIP  8G164,PIP  11G161,PIP  6G166,PIP  6G156,PIP  3G156,PIP  3G167,PIP  5G167,PIP  5G169,PIP  3G169,PIP  6G149,CLB CLK.AA.I MuxBit: 5,CLB CLK.AA.I MuxBit: 4,CLB CLK.AA.I MuxBit: 1,----- NOT USED -----,----- NOT USED -----
----- NOT USED -----,IOB P59.K MuxBit: 0,IOB P59.K MuxBit: 1,IOB P59.K MuxBit: 2,IOB P59.K MuxBit: 3,PIP  169G161,PIP  170G161,PIP  178G167,PIP  176G167,Magic @ 150G165 5 4,Magic @ 150G165 7 3,Magic @ 150G165 8 3,Magic @ 150G165 6 7,Magic @ 150G165 6 8,PIP  155G163,PIP  155G161,PIP  155G166,PIP  155G160,PIP  153G164,PIP  153G157,PIP  159G167,Magic @ 147G168 5 3,Magic @ 147G168 3 7,Magic @ 147G168 8 3,PIP  147G161,Magic @ 147G168 6 7,Magic @ 147G168 4 8,Magic @ 130G165 5 4,Magic @ 130G165 7 3,Magic @ 130G165 8 3,Magic @ 130G165 6 7,Magic @ 130G165 6 8,PIP  135G163,PIP  135G161,PIP  135G166,PIP  135G160,PIP  133G164,PIP  133G157,PIP  139G167,Magic @ 127G168 5 3,Magic @ 127G168 3 7,Magic @ 127G168 8 3,PIP  127G161,Magic @ 127G168 6 7,Magic @ 127G168 4 8,----- NOT USED -----,----- NOT USED -----,Magic @ 110G165 5 4,Magic @ 110G165 7 3,Magic @ 110G165 8 3,Magic @ 110G165 6 7,Magic @ 110G165 6 8,PIP  115G163,PIP  115G161,PIP  115G166,PIP  115G160,PIP  113G164,PIP  113G157,PIP  119G167,Magic @ 107G168 5 3,Magic @ 107G168 3 7,Magic @ 107G168 8 3,PIP  107G161,Magic @ 107G168 6 7,Magic @ 107G168 4 8,Magic @ 90G165 5 4,Magic @ 90G165 7 3,Magic @ 90G165 8 3,Magic @ 90G165 6 7,Magic @ 90G165 6 8,PIP  95G163,PIP  95G161,PIP  95G166,PIP  95G160,PIP  93G164,PIP  93G157,PIP  99G167,Magic @ 87G168 5 3,Magic @ 87G168 3 7,Magic @ 87G168 8 3,PIP  87G161,Magic @ 87G168 6 7,Magic @ 87G168 4 8,Magic @ 70G165 5 4,Magic @ 70G165 7 3,Magic @ 70G165 8 3,Magic @ 70G165 6 7,Magic @ 70G165 6 8,PIP  75G163,PIP  75G161,PIP  75G166,PIP  75G160,PIP  73G164,PIP  73G157,PIP  79G167,Magic @ 67G168 5 3,Magic @ 67G168 3 7,Magic @ 67G168 8 3,PIP  67G161,Magic @ 67G168 6 7,Magic @ 67G168 4 8,----- NOT USED -----,----- NOT USED -----,Magic @ 50G165 5 4,Magic @ 50G165 7 3,Magic @ 50G165 8 3,Magic @ 50G165 6 7,Magic @ 50G165 6 8,PIP  55G163,PIP  55G161,PIP  55G166,PIP  55G160,PIP  53G164,PIP  53G157,PIP  59G167,Magic @ 47G168 5 3,Magic @ 47G168 3 7,Magic @ 47G168 8 3,PIP  47G161,Magic @ 47G168 6 7,Magic @ 47G168 4 8,Magic @ 30G165 5 4,Magic @ 30G165 7 3,Magic @ 30G165 8 3,Magic @ 30G165 6 7,Magic @ 30G165 6 8,PIP  35G163,PIP  35G161,PIP  35G166,PIP  35G160,PIP  33G164,PIP  33G157,PIP  39G167,Magic @ 27G168 5 3,Magic @ 27G168 3 7,Magic @ 27G168 8 3,PIP  27G161,Magic @ 27G168 6 7,Magic @ 27G168 4 8,----- NOT USED -----,----- NOT USED -----,----- NOT USED -----,----- NOT USED -----,----- NOT USED -----,----- NOT USED -----,----- NOT USED -----,----- NOT USED -----,----- NOT USED -----,----- NOT USED -----,----- NOT USED -----,----- NOT USED -----,----- NOT USED -----,----- NOT USED -----,----- NOT USED -----,----- NOT USED -----,----- NOT USED -----,----- NOT USED -----,----- NOT USED -----,----- NOT USED -----,----- NOT USED -----
----- NOT USED -----,----- NOT USED -----,IOB P9.K MuxBit: 0,IOB P9.K MuxBit: 1,----- NOT USED -----,----- NOT USED -----,IOB P9.K MuxBit: 3,IOB P9.K MuxBit: 2,IOB P61.O MuxBit: 4,PIP  151G161,IOB P61.O MuxBit: 2,PIP  163G169,PIP  163G163,----- NOT USED -----,CLB AH.A MuxBit: 4,CLB AH.A MuxBit: 3,PIP  163G166,PIP  155G169,----- NOT USED -----,PIP  151G157,PIP  156G157,----- NOT USED -----,----- NOT USED -----,----- NOT USED -----,IOB P62.O MuxBit: 1,IOB P62.O MuxBit: 2,IOB P63.O MuxBit: 4,PIP  131G161,IOB P63.O MuxBit: 2,PIP  143G169,PIP  143G163,----- NOT USED -----,CLB AG.A MuxBit: 4,CLB AG.A MuxBit: 3,PIP  143G166,PIP  135G169,----- NOT USED -----,PIP  131G157,PIP  136G157,----- NOT USED -----,----- NOT USED -----,----- NOT USED -----,IOB P64.O MuxBit: 1,IOB P64.O MuxBit: 2,IOB P65.O MuxBit: 4,----- NOT USED -----,Bidi 125G164,PIP  111G161,IOB P65.O MuxBit: 2,PIP  123G169,PIP  123G163,----- NOT USED -----,CLB AF.A MuxBit: 4,CLB AF.A MuxBit: 3,PIP  123G166,PIP  115G169,----- NOT USED -----,PIP  111G157,PIP  116G157,----- NOT USED -----,----- NOT USED -----,----- NOT USED -----,IOB P66.O MuxBit: 1,IOB P66.O MuxBit: 2,IOB P67.O MuxBit: 4,PIP  91G161,IOB P67.O MuxBit: 2,PIP  103G169,PIP  103G163,----- NOT USED -----,CLB AE.A MuxBit: 4,CLB AE.A MuxBit: 3,PIP  103G166,PIP  95G169,----- NOT USED -----,PIP  91G157,PIP  96G157,----- NOT USED -----,----- NOT USED -----,----- NOT USED -----,IOB P68.O MuxBit: 1,IOB P68.O MuxBit: 2,IOB P2.O MuxBit: 4,PIP  71G161,IOB P2.O MuxBit: 2,PIP  83G169,PIP  83G163,----- NOT USED -----,CLB AD.A MuxBit: 4,CLB AD.A MuxBit: 3,PIP  83G166,PIP  75G169,----- NOT USED -----,PIP  71G157,PIP  76G157,----- NOT USED -----,----- NOT USED -----,----- NOT USED -----,IOB P3.O MuxBit: 1,IOB P3.O MuxBit: 2,IOB P4.O MuxBit: 4,----- NOT USED -----,Bidi 65G164,PIP  51G161,IOB P4.O MuxBit: 2,PIP  63G169,PIP  63G163,----- NOT USED -----,CLB AC.A MuxBit: 4,CLB AC.A MuxBit: 3,PIP  63G166,PIP  55G169,----- NOT USED -----,PIP  51G157,PIP  56G157,----- NOT USED -----,----- NOT USED -----,----- NOT USED -----,IOB P5.O MuxBit: 1,IOB P5.O MuxBit: 2,IOB P6.O MuxBit: 4,PIP  31G161,IOB P6.O MuxBit: 2,PIP  43G169,PIP  43G163,----- NOT USED -----,CLB AB.A MuxBit: 4,CLB AB.A MuxBit: 3,PIP  43G166,PIP  35G169,----- NOT USED -----,PIP  31G157,PIP  36G157,----- NOT USED -----,----- NOT USED -----,----- NOT USED -----,IOB P7.O MuxBit: 1,IOB P7.O MuxBit: 2,IOB P8.O MuxBit: 4,PIP  9G161,IOB P8.O MuxBit: 2,PIP  23G169,PIP  23G163,----- NOT USED -----,CLB AA.A MuxBit: 4,CLB AA.A MuxBit: 3,PIP  23G166,PIP  11G169,----- NOT USED -----,PIP  9G156,PIP  12G156,----- NOT USED -----,----- NOT USED -----,----- NOT USED -----,IOB P9.O MuxBit: 1,IOB P9.O MuxBit: 2,----- NOT USED -----,IOB P9.O MuxBit: 4,Other TTL/CMOS level Inputs,
----- NOT USED -----,----- NOT USED -----,----- NOT USED -----,----- NOT USED -----,----- NOT USED -----,----- NOT USED -----,----- NOT USED -----,----- NOT USED -----,Other UNknown 3,IOB P61.O MuxBit: 3,IOB P61.O MuxBit: 1,IOB P61.O MuxBit: 0,PIP  156G164,CLB AH.A MuxBit: 0,CLB AH.A MuxBit: 1,CLB AH.A MuxBit: 2,IOB P61.I PAD/Latched,----- NOT USED -----,IOB P61,IOB P61.T MuxBit: 1,IOB P61.T MuxBit: 2,IOB P62.T MuxBit: 2,IOB P62.I PAD/Latched,IOB P62,IOB P62.T MuxBit: 1,IOB P62.O MuxBit: 0,IOB P62.O MuxBit: 3,IOB P63.O MuxBit: 3,IOB P63.O MuxBit: 1,IOB P63.O MuxBit: 0,PIP  136G164,CLB AG.A MuxBit: 0,CLB AG.A MuxBit: 1,CLB AG.A MuxBit: 2,IOB P63.I PAD/Latched,----- NOT USED -----,IOB P63,IOB P63.T MuxBit: 1,IOB P63.T MuxBit: 2,IOB P64.T MuxBit: 2,IOB P64.I PAD/Latched,IOB P64,IOB P64.T MuxBit: 1,IOB P64.O MuxBit: 0,IOB P64.O MuxBit: 3,Bidi 125G167,Bidi 125G166,IOB P65.O MuxBit: 3,IOB P65.O MuxBit: 1,IOB P65.O MuxBit: 0,PIP  116G164,CLB AF.A MuxBit: 0,CLB AF.A MuxBit: 1,CLB AF.A MuxBit: 2,IOB P65.I PAD/Latched,----- NOT USED -----,IOB P65,IOB P65.T MuxBit: 1,IOB P65.T MuxBit: 2,IOB P66.T MuxBit: 2,IOB P66.I PAD/Latched,IOB P66,IOB P66.T MuxBit: 1,IOB P66.O MuxBit: 0,IOB P66.O MuxBit: 3,IOB P67.O MuxBit: 3,IOB P67.O MuxBit: 1,IOB P67.O MuxBit: 0,PIP  96G164,CLB AE.A MuxBit: 0,CLB AE.A MuxBit: 1,CLB AE.A MuxBit: 2,IOB P67.I PAD/Latched,----- NOT USED -----,IOB P67,IOB P67.T MuxBit: 1,IOB P67.T MuxBit: 2,IOB P68.T MuxBit: 2,IOB P68.I PAD/Latched,IOB P68,IOB P68.T MuxBit: 1,IOB P68.O MuxBit: 0,IOB P68.O MuxBit: 3,IOB P2.O MuxBit: 3,IOB P2.O MuxBit: 1,IOB P2.O MuxBit: 0,PIP  76G164,CLB AD.A MuxBit: 0,CLB AD.A MuxBit: 1,CLB AD.A MuxBit: 2,IOB P2.I PAD/Latched,----- NOT USED -----,IOB P2,IOB P2.T MuxBit: 1,IOB P2.T MuxBit: 2,IOB P3.T MuxBit: 2,IOB P3.I PAD/Latched,IOB P3,IOB P3.T MuxBit: 1,IOB P3.O MuxBit: 0,IOB P3.O MuxBit: 3,Bidi 65G167,Bidi 65G166,IOB P4.O MuxBit: 3,IOB P4.O MuxBit: 1,IOB P4.O MuxBit: 0,PIP  56G164,CLB AC.A MuxBit: 0,CLB AC.A MuxBit: 1,CLB AC.A MuxBit: 2,IOB P4.I PAD/Latched,----- NOT USED -----,IOB P4,IOB P4.T MuxBit: 1,IOB P4.T MuxBit: 2,IOB P5.T MuxBit: 2,IOB P5.I PAD/Latched,IOB P5,IOB P5.T MuxBit: 1,IOB P5.O MuxBit: 0,IOB P5.O MuxBit: 3,IOB P6.O MuxBit: 3,IOB P6.O MuxBit: 1,IOB P6.O MuxBit: 0,PIP  36G164,CLB AB.A MuxBit: 0,CLB AB.A MuxBit: 1,CLB AB.A MuxBit: 2,IOB P6.I PAD/Latched,----- NOT USED -----,IOB P6,IOB P6.T MuxBit: 1,IOB P6.T MuxBit: 2,IOB P7.T MuxBit: 2,IOB P7.I PAD/Latched,IOB P7,IOB P7.T MuxBit: 1,IOB P7.O MuxBit: 0,IOB P7.O MuxBit: 3,IOB P8.O MuxBit: 3,IOB P8.O MuxBit: 1,IOB P8.O MuxBit: 0,PIP  12G164,CLB AA.A MuxBit: 0,CLB AA.A MuxBit: 1,CLB AA.A MuxBit: 2,IOB P8.I PAD/Latched,----- NOT USED -----,IOB P8,IOB P8.T MuxBit: 1,IOB P8.T MuxBit: 2,IOB P9.T MuxBit: 2,IOB P9.I PAD/Latched,IOB P9,IOB P9.T MuxBit: 1,IOB P9.O MuxBit: 0,IOB P9.O MuxBit: 3,----- NOT USED -----,----- NOT USED -----,
